-- phpMyAdmin SQL Dump
-- version 4.6.6deb5
-- https://www.phpmyadmin.net/
--
-- Host: localhost:3306
-- Generation Time: Jun 11, 2020 at 04:03 PM
-- Server version: 10.3.17-MariaDB-0+deb10u1
-- PHP Version: 7.3.11-1~deb10u1

SET SQL_MODE = "NO_AUTO_VALUE_ON_ZERO";
SET time_zone = "+00:00";


/*!40101 SET @OLD_CHARACTER_SET_CLIENT=@@CHARACTER_SET_CLIENT */;
/*!40101 SET @OLD_CHARACTER_SET_RESULTS=@@CHARACTER_SET_RESULTS */;
/*!40101 SET @OLD_COLLATION_CONNECTION=@@COLLATION_CONNECTION */;
/*!40101 SET NAMES utf8mb4 */;

--
-- Database: `smartpet01`
--

-- --------------------------------------------------------

--
-- Table structure for table `tbl_acties`
--

CREATE TABLE `tbl_acties` (
  `Code` varchar(25) NOT NULL,
  `Beschrijving` varchar(250) NOT NULL
) ENGINE=InnoDB DEFAULT CHARSET=utf8mb4;

--
-- Dumping data for table `tbl_acties`
--

INSERT INTO `tbl_acties` (`Code`, `Beschrijving`) VALUES
('ADD', 'Voedsel toevoegen'),
('CHECK', 'Inlezen van data'),
('OFF', 'Afschakelen actuator'),
('ON', 'Aanschakelen actuator'),
('REMOVE', 'Voedsel eten'),
('UPDATE', 'Voedsel wijzigen');

-- --------------------------------------------------------

--
-- Table structure for table `tbl_devices`
--

CREATE TABLE `tbl_devices` (
  `IDdevice` int(11) NOT NULL,
  `device` varchar(45) NOT NULL,
  `beschrijving` varchar(250) DEFAULT NULL,
  `meeteenheid` varchar(45) DEFAULT NULL
) ENGINE=InnoDB DEFAULT CHARSET=utf8mb4;

--
-- Dumping data for table `tbl_devices`
--

INSERT INTO `tbl_devices` (`IDdevice`, `device`, `beschrijving`, `meeteenheid`) VALUES
(1, 'Gewichtsensor_500', 'Gewichtsensor op voederbak', 'gram'),
(3, 'Gewichtsensor', 'Gewichtsensor op opslag', 'gram'),
(4, 'LDR', 'Licht meten', 'lumen'),
(5, 'Servo motor', 'Draaien', NULL),
(6, 'Afstand sensor', 'Meet de afstand tussen sensor en object', 'cm');

-- --------------------------------------------------------

--
-- Table structure for table `tbl_metingen`
--

CREATE TABLE `tbl_metingen` (
  `IDmeting` int(11) NOT NULL,
  `device_id` int(11) NOT NULL,
  `hoeveelheid` float DEFAULT NULL,
  `meetdatum` datetime NOT NULL DEFAULT current_timestamp(),
  `actiecode` varchar(25) NOT NULL DEFAULT 'CHECK'
) ENGINE=InnoDB DEFAULT CHARSET=utf8mb4;

--
-- Dumping data for table `tbl_metingen`
--

INSERT INTO `tbl_metingen` (`IDmeting`, `device_id`, `hoeveelheid`, `meetdatum`, `actiecode`) VALUES
(1, 1, 150, '2020-06-01 12:34:01', 'CHECK'),
(2, 1, 200, '2020-06-01 12:34:10', 'CHECK'),
(3, 1, 200, '2020-05-31 00:00:00', 'CHECK'),
(4, 1, 120, '2020-06-01 12:36:45', 'CHECK'),
(5, 1, 23, '2020-06-01 12:37:14', 'CHECK'),
(6, 1, 23, '2020-06-01 12:38:24', 'CHECK'),
(7, 1, 2, '2020-06-01 13:39:27', 'ADD'),
(8, 1, 3, '2020-06-01 13:48:23', 'ADD'),
(9, 4, 122, '2020-06-01 13:54:28', 'CHECK'),
(10, 4, 122, '2020-06-01 13:54:33', 'CHECK'),
(11, 4, 122, '2020-06-01 13:54:33', 'CHECK'),
(12, 4, 122, '2020-06-01 13:54:38', 'CHECK'),
(13, 4, 122, '2020-06-01 13:54:39', 'CHECK'),
(14, 4, 122, '2020-06-01 13:54:44', 'CHECK'),
(15, 4, 122, '2020-06-01 13:54:44', 'CHECK'),
(16, 4, 122, '2020-06-01 13:54:49', 'CHECK'),
(17, 4, 122, '2020-06-01 13:54:49', 'CHECK'),
(18, 4, 122, '2020-06-01 13:54:54', 'CHECK'),
(19, 4, 122, '2020-06-01 13:54:54', 'CHECK'),
(20, 4, 123, '2020-06-01 13:54:59', 'CHECK'),
(21, 4, 123, '2020-06-01 13:54:59', 'CHECK'),
(22, 4, 123, '2020-06-01 13:55:05', 'CHECK'),
(23, 4, 123, '2020-06-01 13:55:05', 'CHECK'),
(24, 4, 123, '2020-06-01 13:55:10', 'CHECK'),
(25, 4, 122, '2020-06-01 13:55:10', 'CHECK'),
(26, 4, 122, '2020-06-01 13:55:15', 'CHECK'),
(27, 4, 122, '2020-06-01 13:55:15', 'CHECK'),
(28, 4, 122, '2020-06-01 13:55:20', 'CHECK'),
(29, 4, 122, '2020-06-01 13:55:20', 'CHECK'),
(30, 4, 122, '2020-06-01 13:55:25', 'CHECK'),
(31, 4, 122, '2020-06-01 13:55:26', 'CHECK'),
(32, 4, 123, '2020-06-01 13:55:31', 'CHECK'),
(33, 4, 123, '2020-06-01 13:55:31', 'CHECK'),
(34, 4, 123, '2020-06-01 13:55:36', 'CHECK'),
(35, 4, 123, '2020-06-01 13:55:36', 'CHECK'),
(36, 4, 123, '2020-06-01 13:55:41', 'CHECK'),
(37, 4, 123, '2020-06-01 13:55:42', 'CHECK'),
(38, 4, 117, '2020-06-01 14:30:55', 'CHECK'),
(39, 4, 117, '2020-06-01 14:31:00', 'CHECK'),
(40, 4, 117, '2020-06-01 14:31:00', 'CHECK'),
(41, 4, 117, '2020-06-01 14:31:05', 'CHECK'),
(42, 4, 117, '2020-06-01 14:31:05', 'CHECK'),
(43, 4, 117, '2020-06-01 14:31:10', 'CHECK'),
(44, 4, 117, '2020-06-01 14:31:11', 'CHECK'),
(45, 4, 117, '2020-06-01 14:31:16', 'CHECK'),
(46, 4, 117, '2020-06-01 14:31:16', 'CHECK'),
(47, 4, 117, '2020-06-01 14:31:21', 'CHECK'),
(48, 4, 117, '2020-06-01 14:31:21', 'CHECK'),
(49, 4, 117, '2020-06-01 14:31:26', 'CHECK'),
(50, 4, 117, '2020-06-01 14:31:26', 'CHECK'),
(51, 4, 117, '2020-06-01 14:31:31', 'CHECK'),
(52, 4, 117, '2020-06-01 14:31:32', 'CHECK'),
(53, 4, 117, '2020-06-01 14:31:37', 'CHECK'),
(54, 4, 117, '2020-06-01 14:31:37', 'CHECK'),
(55, 4, 117, '2020-06-01 14:31:42', 'CHECK'),
(56, 4, 117, '2020-06-01 14:31:42', 'CHECK'),
(57, 4, 117, '2020-06-01 14:31:47', 'CHECK'),
(58, 4, 117, '2020-06-01 14:31:47', 'CHECK'),
(59, 4, 117, '2020-06-01 14:31:53', 'CHECK'),
(60, 4, 117, '2020-06-01 14:31:53', 'CHECK'),
(61, 4, 117, '2020-06-01 14:31:58', 'CHECK'),
(62, 4, 117, '2020-06-01 14:31:58', 'CHECK'),
(63, 4, 117, '2020-06-01 14:32:03', 'CHECK'),
(64, 4, 117, '2020-06-01 14:32:03', 'CHECK'),
(65, 4, 117, '2020-06-01 14:32:08', 'CHECK'),
(66, 4, 117, '2020-06-01 14:32:08', 'CHECK'),
(67, 4, 117, '2020-06-01 14:32:13', 'CHECK'),
(68, 4, 117, '2020-06-01 14:32:13', 'CHECK'),
(69, 4, 117, '2020-06-01 14:32:19', 'CHECK'),
(70, 4, 117, '2020-06-01 14:32:19', 'CHECK'),
(71, 4, 117, '2020-06-01 14:32:24', 'CHECK'),
(72, 4, 117, '2020-06-01 14:32:24', 'CHECK'),
(73, 4, 117, '2020-06-01 14:32:29', 'CHECK'),
(74, 4, 117, '2020-06-01 14:32:30', 'CHECK'),
(75, 4, 117, '2020-06-01 14:32:34', 'CHECK'),
(76, 4, 116, '2020-06-01 14:32:51', 'CHECK'),
(77, 4, 117, '2020-06-01 14:32:56', 'CHECK'),
(78, 4, 116, '2020-06-01 14:32:57', 'CHECK'),
(79, 4, 116, '2020-06-01 14:33:02', 'CHECK'),
(80, 4, 116, '2020-06-01 14:33:02', 'CHECK'),
(81, 4, 116, '2020-06-01 14:33:07', 'CHECK'),
(82, 4, 116, '2020-06-01 14:33:07', 'CHECK'),
(83, 4, 116, '2020-06-01 14:33:12', 'CHECK'),
(84, 4, 116, '2020-06-01 14:33:12', 'CHECK'),
(85, 4, 116, '2020-06-01 14:33:17', 'CHECK'),
(86, 4, 116, '2020-06-01 14:33:17', 'CHECK'),
(87, 4, 116, '2020-06-01 14:33:44', 'CHECK'),
(88, 4, 116, '2020-06-01 14:33:49', 'CHECK'),
(89, 4, 116, '2020-06-01 14:33:49', 'CHECK'),
(90, 4, 116, '2020-06-01 14:33:54', 'CHECK'),
(91, 4, 116, '2020-06-01 14:33:54', 'CHECK'),
(92, 4, 116, '2020-06-01 14:33:59', 'CHECK'),
(93, 4, 116, '2020-06-01 14:33:59', 'CHECK'),
(94, 4, 116, '2020-06-01 14:34:04', 'CHECK'),
(95, 4, 116, '2020-06-01 14:34:05', 'CHECK'),
(96, 4, 116, '2020-06-01 14:34:10', 'CHECK'),
(97, 4, 116, '2020-06-01 14:34:10', 'CHECK'),
(98, 4, 116, '2020-06-01 14:34:15', 'CHECK'),
(99, 4, 116, '2020-06-01 14:34:15', 'CHECK'),
(100, 4, 115, '2020-06-01 14:35:53', 'CHECK'),
(101, 4, 115, '2020-06-01 14:35:59', 'CHECK'),
(102, 4, 115, '2020-06-01 14:36:04', 'CHECK'),
(103, 4, 115, '2020-06-01 14:36:09', 'CHECK'),
(104, 4, 115, '2020-06-01 14:36:14', 'CHECK'),
(105, 4, 115, '2020-06-01 14:36:19', 'CHECK'),
(106, 4, 115, '2020-06-01 14:36:25', 'CHECK'),
(107, 4, 115, '2020-06-01 14:36:30', 'CHECK'),
(108, 4, 115, '2020-06-01 14:36:35', 'CHECK'),
(109, 4, 115, '2020-06-01 14:36:40', 'CHECK'),
(110, 4, 115, '2020-06-01 14:36:45', 'CHECK'),
(111, 4, 115, '2020-06-01 14:36:51', 'CHECK'),
(112, 4, 112, '2020-06-01 14:36:56', 'CHECK'),
(113, 4, 114, '2020-06-01 14:37:01', 'CHECK'),
(114, 4, 115, '2020-06-01 14:37:06', 'CHECK'),
(115, 4, 115, '2020-06-01 14:37:12', 'CHECK'),
(116, 4, 115, '2020-06-01 14:37:17', 'CHECK'),
(117, 4, 112, '2020-06-01 14:40:45', 'CHECK'),
(118, 4, 112, '2020-06-01 14:40:51', 'CHECK'),
(119, 4, 112, '2020-06-01 14:40:56', 'CHECK'),
(120, 4, 112, '2020-06-01 14:41:01', 'CHECK'),
(121, 4, 112, '2020-06-01 14:41:06', 'CHECK'),
(122, 4, 112, '2020-06-01 14:41:14', 'CHECK'),
(123, 4, 112, '2020-06-01 14:41:19', 'CHECK'),
(124, 4, 112, '2020-06-01 14:41:25', 'CHECK'),
(125, 4, 112, '2020-06-01 14:41:30', 'CHECK'),
(126, 4, 112, '2020-06-01 14:41:35', 'CHECK'),
(127, 4, 112, '2020-06-01 14:42:12', 'CHECK'),
(128, 4, 112, '2020-06-01 14:42:18', 'CHECK'),
(129, 4, 112, '2020-06-01 14:42:23', 'CHECK'),
(130, 4, 112, '2020-06-01 14:42:28', 'CHECK'),
(131, 4, 113, '2020-06-01 14:42:33', 'CHECK'),
(132, 4, 113, '2020-06-01 14:42:38', 'CHECK'),
(133, 4, 113, '2020-06-01 14:42:44', 'CHECK'),
(134, 4, 113, '2020-06-01 14:42:49', 'CHECK'),
(135, 4, 113, '2020-06-01 14:42:54', 'CHECK'),
(136, 4, 113, '2020-06-01 14:43:03', 'CHECK'),
(137, 4, 113, '2020-06-01 14:43:08', 'CHECK'),
(138, 4, 113, '2020-06-01 14:43:13', 'CHECK'),
(139, 4, 113, '2020-06-01 14:43:18', 'CHECK'),
(140, 4, 113, '2020-06-01 14:43:29', 'CHECK'),
(141, 4, 114, '2020-06-01 14:43:34', 'CHECK'),
(142, 4, 114, '2020-06-01 14:43:39', 'CHECK'),
(143, 4, 114, '2020-06-01 14:43:44', 'CHECK'),
(144, 4, 114, '2020-06-01 14:43:49', 'CHECK'),
(145, 4, 114, '2020-06-01 14:43:55', 'CHECK'),
(146, 4, 114, '2020-06-01 14:44:00', 'CHECK'),
(147, 4, 114, '2020-06-01 14:44:05', 'CHECK'),
(148, 4, 115, '2020-06-01 14:44:56', 'CHECK'),
(149, 4, 116, '2020-06-01 14:45:01', 'CHECK'),
(150, 4, 116, '2020-06-01 14:45:06', 'CHECK'),
(151, 4, 116, '2020-06-01 14:45:12', 'CHECK'),
(152, 4, 116, '2020-06-01 14:45:17', 'CHECK'),
(153, 4, 116, '2020-06-01 14:45:22', 'CHECK'),
(154, 4, 116, '2020-06-01 14:45:28', 'CHECK'),
(155, 4, 116, '2020-06-01 14:45:33', 'CHECK'),
(156, 4, 117, '2020-06-01 14:45:38', 'CHECK'),
(157, 4, 117, '2020-06-01 14:46:02', 'CHECK'),
(158, 4, 117, '2020-06-01 14:46:07', 'CHECK'),
(159, 4, 117, '2020-06-01 14:46:12', 'CHECK'),
(160, 4, 118, '2020-06-01 14:46:18', 'CHECK'),
(161, 4, 118, '2020-06-01 14:46:23', 'CHECK'),
(162, 4, 121, '2020-06-01 14:49:02', 'CHECK'),
(163, 4, 121, '2020-06-01 14:49:08', 'CHECK'),
(164, 4, 121, '2020-06-01 14:49:13', 'CHECK'),
(165, 4, 121, '2020-06-01 14:49:18', 'CHECK'),
(166, 4, 122, '2020-06-01 14:49:23', 'CHECK'),
(167, 4, 122, '2020-06-01 14:49:29', 'CHECK'),
(168, 4, 122, '2020-06-01 14:49:34', 'CHECK'),
(169, 4, 128, '2020-06-01 14:57:11', 'CHECK'),
(170, 4, 128, '2020-06-01 14:57:16', 'CHECK'),
(171, 4, 128, '2020-06-01 14:57:22', 'CHECK'),
(172, 4, 128, '2020-06-01 14:57:27', 'CHECK'),
(173, 4, 128, '2020-06-01 14:57:32', 'CHECK'),
(174, 4, 128, '2020-06-01 14:57:37', 'CHECK'),
(175, 4, 129, '2020-06-01 14:57:43', 'CHECK'),
(176, 4, 129, '2020-06-01 14:57:48', 'CHECK'),
(177, 4, 129, '2020-06-01 14:57:53', 'CHECK'),
(178, 4, 129, '2020-06-01 14:57:58', 'CHECK'),
(179, 4, 129, '2020-06-01 14:58:04', 'CHECK'),
(180, 4, 129, '2020-06-01 14:58:09', 'CHECK'),
(181, 4, 129, '2020-06-01 14:58:14', 'CHECK'),
(182, 4, 129, '2020-06-01 14:58:20', 'CHECK'),
(183, 4, 129, '2020-06-01 14:58:25', 'CHECK'),
(184, 4, 129, '2020-06-01 14:58:30', 'CHECK'),
(185, 4, 129, '2020-06-01 14:58:35', 'CHECK'),
(186, 4, 129, '2020-06-01 14:58:41', 'CHECK'),
(187, 4, 129, '2020-06-01 14:58:46', 'CHECK'),
(188, 4, 129, '2020-06-01 14:58:51', 'CHECK'),
(189, 4, 129, '2020-06-01 14:58:56', 'CHECK'),
(190, 4, 129, '2020-06-01 14:59:02', 'CHECK'),
(191, 4, 129, '2020-06-01 14:59:07', 'CHECK'),
(192, 4, 129, '2020-06-01 14:59:12', 'CHECK'),
(193, 4, 129, '2020-06-01 14:59:18', 'CHECK'),
(194, 4, 129, '2020-06-01 14:59:23', 'CHECK'),
(195, 4, 129, '2020-06-01 14:59:28', 'CHECK'),
(196, 4, 129, '2020-06-01 14:59:33', 'CHECK'),
(197, 4, 129, '2020-06-01 14:59:39', 'CHECK'),
(198, 4, 129, '2020-06-01 14:59:44', 'CHECK'),
(199, 4, 129, '2020-06-01 14:59:49', 'CHECK'),
(200, 4, 129, '2020-06-01 14:59:54', 'CHECK'),
(201, 4, 129, '2020-06-01 15:00:00', 'CHECK'),
(202, 4, 129, '2020-06-01 15:00:05', 'CHECK'),
(203, 4, 129, '2020-06-01 15:00:10', 'CHECK'),
(204, 4, 129, '2020-06-01 15:00:16', 'CHECK'),
(205, 4, 129, '2020-06-01 15:00:21', 'CHECK'),
(206, 4, 129, '2020-06-01 15:00:26', 'CHECK'),
(207, 4, 129, '2020-06-01 15:00:31', 'CHECK'),
(208, 4, 129, '2020-06-01 15:00:37', 'CHECK'),
(209, 4, 129, '2020-06-01 15:00:42', 'CHECK'),
(210, 4, 130, '2020-06-01 15:00:47', 'CHECK'),
(211, 4, 129, '2020-06-01 15:00:52', 'CHECK'),
(212, 4, 130, '2020-06-01 15:00:58', 'CHECK'),
(213, 4, 129, '2020-06-01 15:01:03', 'CHECK'),
(214, 4, 130, '2020-06-01 15:01:08', 'CHECK'),
(215, 4, 129, '2020-06-01 15:01:13', 'CHECK'),
(216, 4, 129, '2020-06-01 15:01:19', 'CHECK'),
(217, 4, 129, '2020-06-01 15:01:24', 'CHECK'),
(218, 4, 129, '2020-06-01 15:01:29', 'CHECK'),
(219, 4, 129, '2020-06-01 15:01:35', 'CHECK'),
(220, 4, 129, '2020-06-01 15:01:40', 'CHECK'),
(221, 4, 130, '2020-06-01 15:01:45', 'CHECK'),
(222, 4, 130, '2020-06-01 15:01:50', 'CHECK'),
(223, 4, 130, '2020-06-01 15:01:56', 'CHECK'),
(224, 1, 231, '2020-06-01 15:04:57', 'ADD'),
(225, 1, 92, '2020-06-01 15:10:27', 'REMOVE'),
(226, 1, 77, '2020-06-01 15:10:36', 'REMOVE'),
(227, 1, 7, '2020-06-01 15:10:47', 'REMOVE'),
(228, 1, 13, '2020-06-01 15:10:48', 'REMOVE'),
(229, 1, 7, '2020-06-01 15:10:50', 'REMOVE'),
(230, 1, 42, '2020-06-01 15:14:05', 'REMOVE'),
(231, 4, 136, '2020-06-01 15:19:31', 'CHECK'),
(232, 4, 423, '2020-06-01 15:19:37', 'CHECK'),
(233, 4, 424, '2020-06-01 15:19:42', 'CHECK'),
(234, 4, 354, '2020-06-01 15:19:47', 'CHECK'),
(235, 4, 600, '2020-06-01 15:19:52', 'CHECK'),
(236, 4, 129, '2020-06-01 15:19:58', 'CHECK'),
(237, 4, 131, '2020-06-01 15:20:03', 'CHECK'),
(238, 4, 225, '2020-06-01 15:53:13', 'CHECK'),
(239, 4, 226, '2020-06-01 15:53:18', 'CHECK'),
(240, 1, 10, '2020-06-01 15:53:18', 'REMOVE'),
(241, 1, 38, '2020-06-01 15:53:20', 'REMOVE'),
(242, 4, 226, '2020-06-01 15:53:24', 'CHECK'),
(243, 4, 225, '2020-06-01 15:53:29', 'CHECK'),
(244, 1, 11, '2020-06-01 15:53:31', 'REMOVE'),
(245, 4, 226, '2020-06-01 15:53:34', 'CHECK'),
(246, 4, 225, '2020-06-01 15:59:30', 'CHECK'),
(247, 4, 225, '2020-06-01 15:59:35', 'CHECK'),
(248, 4, 226, '2020-06-01 15:59:40', 'CHECK'),
(249, 4, 225, '2020-06-01 15:59:46', 'CHECK'),
(250, 4, 226, '2020-06-01 15:59:51', 'CHECK'),
(251, 4, 226, '2020-06-01 15:59:56', 'CHECK'),
(252, 1, 15, '2020-06-01 15:59:59', 'REMOVE'),
(253, 1, 124, '2020-06-01 16:00:00', 'REMOVE'),
(254, 4, 226, '2020-06-01 16:00:01', 'CHECK'),
(255, 4, 225, '2020-06-01 16:00:07', 'CHECK'),
(256, 4, 225, '2020-06-01 16:00:12', 'CHECK'),
(257, 4, 226, '2020-06-01 16:00:17', 'CHECK'),
(258, 4, 226, '2020-06-01 16:00:22', 'CHECK'),
(259, 4, 167, '2020-06-01 16:00:27', 'CHECK'),
(260, 4, 156, '2020-06-01 16:00:32', 'CHECK'),
(261, 4, 156, '2020-06-01 16:00:38', 'CHECK'),
(262, 4, 156, '2020-06-01 16:00:43', 'CHECK'),
(263, 4, 156, '2020-06-01 16:00:48', 'CHECK'),
(264, 1, 52, '2020-06-01 16:00:49', 'REMOVE'),
(265, 4, 156, '2020-06-01 16:00:53', 'CHECK'),
(266, 4, 156, '2020-06-01 16:00:59', 'CHECK'),
(267, 4, 156, '2020-06-01 16:01:04', 'CHECK'),
(268, 4, 156, '2020-06-01 16:01:09', 'CHECK'),
(269, 4, 156, '2020-06-01 16:01:14', 'CHECK'),
(270, 4, 156, '2020-06-01 16:01:20', 'CHECK'),
(271, 5, 0, '2020-06-01 16:01:24', 'ON'),
(272, 4, 156, '2020-06-01 16:01:25', 'CHECK'),
(273, 5, 0, '2020-06-01 16:01:25', 'ON'),
(274, 5, 0, '2020-06-01 16:01:26', 'ON'),
(275, 5, 0, '2020-06-01 16:01:27', 'ON'),
(276, 5, 0, '2020-06-01 16:01:29', 'ON'),
(277, 5, 0, '2020-06-01 16:01:30', 'ON'),
(278, 4, 156, '2020-06-01 16:01:30', 'CHECK'),
(279, 5, 0, '2020-06-01 16:01:31', 'ON'),
(280, 5, 0, '2020-06-01 16:01:33', 'ON'),
(281, 5, 0, '2020-06-01 16:01:34', 'ON'),
(282, 5, 0, '2020-06-01 16:01:35', 'ON'),
(283, 4, 156, '2020-06-01 16:01:35', 'CHECK'),
(284, 5, 0, '2020-06-01 16:01:37', 'ON'),
(285, 5, 0, '2020-06-01 16:01:38', 'ON'),
(286, 5, 0, '2020-06-01 16:01:39', 'ON'),
(287, 5, 0, '2020-06-01 16:01:41', 'ON'),
(288, 4, 156, '2020-06-01 16:01:41', 'CHECK'),
(289, 5, 0, '2020-06-01 16:01:42', 'ON'),
(290, 5, 0, '2020-06-01 16:01:43', 'ON'),
(291, 5, 0, '2020-06-01 16:01:44', 'ON'),
(292, 5, 0, '2020-06-01 16:01:46', 'ON'),
(293, 4, 156, '2020-06-01 16:01:46', 'CHECK'),
(294, 5, 0, '2020-06-01 16:01:47', 'ON'),
(295, 5, 0, '2020-06-01 16:01:48', 'ON'),
(296, 5, 0, '2020-06-01 16:01:50', 'ON'),
(297, 5, 0, '2020-06-01 16:01:51', 'ON'),
(298, 4, 156, '2020-06-01 16:01:51', 'CHECK'),
(299, 5, 0, '2020-06-01 16:01:52', 'ON'),
(300, 5, 0, '2020-06-01 16:01:54', 'ON'),
(301, 5, 0, '2020-06-01 16:01:55', 'ON'),
(302, 5, 0, '2020-06-01 16:01:56', 'ON'),
(303, 4, 156, '2020-06-01 16:01:56', 'CHECK'),
(304, 5, 0, '2020-06-01 16:01:58', 'ON'),
(305, 5, 0, '2020-06-01 16:01:59', 'ON'),
(306, 5, 0, '2020-06-01 16:02:00', 'ON'),
(307, 5, 0, '2020-06-01 16:02:02', 'ON'),
(308, 4, 156, '2020-06-01 16:02:02', 'CHECK'),
(309, 5, 0, '2020-06-01 16:02:03', 'ON'),
(310, 5, 0, '2020-06-01 16:02:04', 'ON'),
(311, 5, 0, '2020-06-01 16:02:05', 'ON'),
(312, 5, 0, '2020-06-01 16:02:07', 'ON'),
(313, 4, 156, '2020-06-01 16:02:07', 'CHECK'),
(314, 5, 0, '2020-06-01 16:02:08', 'ON'),
(315, 5, 0, '2020-06-01 16:02:09', 'ON'),
(316, 5, 0, '2020-06-01 16:02:10', 'ON'),
(317, 5, 0, '2020-06-01 16:02:11', 'ON'),
(318, 4, 156, '2020-06-01 16:02:12', 'CHECK'),
(319, 5, 0, '2020-06-01 16:02:12', 'ON'),
(320, 5, 0, '2020-06-01 16:02:14', 'ON'),
(321, 5, 0, '2020-06-01 16:02:15', 'ON'),
(322, 5, 0, '2020-06-01 16:02:16', 'ON'),
(323, 4, 156, '2020-06-01 16:02:18', 'CHECK'),
(324, 5, 0, '2020-06-01 16:02:18', 'ON'),
(325, 5, 0, '2020-06-01 16:02:19', 'ON'),
(326, 5, 0, '2020-06-01 16:02:20', 'ON'),
(327, 5, 0, '2020-06-01 16:02:21', 'ON'),
(328, 5, 0, '2020-06-01 16:02:23', 'ON'),
(329, 4, 156, '2020-06-01 16:02:23', 'CHECK'),
(330, 5, 0, '2020-06-01 16:02:24', 'ON'),
(331, 5, 0, '2020-06-01 16:02:25', 'ON'),
(332, 5, 0, '2020-06-01 16:02:27', 'ON'),
(333, 5, 0, '2020-06-01 16:02:28', 'ON'),
(334, 4, 156, '2020-06-01 16:02:28', 'CHECK'),
(335, 5, 0, '2020-06-01 16:02:29', 'ON'),
(336, 5, 0, '2020-06-01 16:02:30', 'ON'),
(337, 5, 0, '2020-06-01 16:02:32', 'ON'),
(338, 5, 0, '2020-06-01 16:02:33', 'ON'),
(339, 4, 156, '2020-06-01 16:02:33', 'CHECK'),
(340, 5, 0, '2020-06-01 16:02:34', 'ON'),
(341, 5, 0, '2020-06-01 16:02:35', 'ON'),
(342, 5, 0, '2020-06-01 16:02:36', 'ON'),
(343, 5, 0, '2020-06-01 16:02:37', 'ON'),
(344, 4, 156, '2020-06-01 16:02:39', 'CHECK'),
(345, 5, 0, '2020-06-01 16:02:39', 'ON'),
(346, 5, 0, '2020-06-01 16:02:40', 'ON'),
(347, 5, 0, '2020-06-01 16:02:41', 'ON'),
(348, 5, 0, '2020-06-01 16:02:42', 'ON'),
(349, 1, 103, '2020-06-01 16:02:43', 'REMOVE'),
(350, 5, 0, '2020-06-01 16:02:44', 'ON'),
(351, 4, 156, '2020-06-01 16:02:44', 'CHECK'),
(352, 5, 0, '2020-06-01 16:02:45', 'ON'),
(353, 5, 0, '2020-06-01 16:02:46', 'ON'),
(354, 5, 0, '2020-06-01 16:02:47', 'ON'),
(355, 5, 0, '2020-06-01 16:02:48', 'ON'),
(356, 4, 156, '2020-06-01 16:02:49', 'CHECK'),
(357, 5, 0, '2020-06-01 16:02:49', 'ON'),
(358, 5, 0, '2020-06-01 16:02:51', 'ON'),
(359, 5, 0, '2020-06-01 16:02:52', 'ON'),
(360, 5, 0, '2020-06-01 16:02:53', 'ON'),
(361, 4, 156, '2020-06-01 16:02:54', 'CHECK'),
(362, 5, 0, '2020-06-01 16:02:54', 'ON'),
(363, 5, 0, '2020-06-01 16:02:56', 'ON'),
(364, 5, 0, '2020-06-01 16:02:57', 'ON'),
(365, 5, 0, '2020-06-01 16:02:58', 'ON'),
(366, 4, 156, '2020-06-01 16:02:59', 'CHECK'),
(367, 5, 0, '2020-06-01 16:03:00', 'ON'),
(368, 5, 0, '2020-06-01 16:03:01', 'ON'),
(369, 4, 156, '2020-06-01 16:03:23', 'CHECK'),
(370, 5, 0, '2020-06-01 16:03:28', 'ON'),
(371, 4, 156, '2020-06-01 16:03:29', 'CHECK'),
(372, 5, 0, '2020-06-01 16:03:29', 'ON'),
(373, 5, 0, '2020-06-01 16:03:30', 'ON'),
(374, 5, 0, '2020-06-01 16:03:31', 'ON'),
(375, 5, 0, '2020-06-01 16:03:33', 'ON'),
(376, 5, 0, '2020-06-01 16:03:34', 'ON'),
(377, 4, 156, '2020-06-01 16:03:34', 'CHECK'),
(378, 5, 0, '2020-06-01 16:03:35', 'ON'),
(379, 5, 0, '2020-06-01 16:03:37', 'ON'),
(380, 5, 0, '2020-06-01 16:03:38', 'ON'),
(381, 5, 0, '2020-06-01 16:03:39', 'ON'),
(382, 4, 156, '2020-06-01 16:03:39', 'CHECK'),
(383, 5, 0, '2020-06-01 16:03:40', 'ON'),
(384, 5, 0, '2020-06-01 16:03:42', 'ON'),
(385, 5, 0, '2020-06-01 16:03:43', 'ON'),
(386, 5, 0, '2020-06-01 16:03:44', 'ON'),
(387, 4, 156, '2020-06-01 16:03:45', 'CHECK'),
(388, 5, 0, '2020-06-01 16:03:46', 'ON'),
(389, 5, 0, '2020-06-01 16:03:47', 'ON'),
(390, 5, 0, '2020-06-01 16:03:48', 'ON'),
(391, 5, 0, '2020-06-01 16:03:50', 'ON'),
(392, 4, 156, '2020-06-01 16:03:50', 'CHECK'),
(393, 1, 24, '2020-06-01 16:03:50', 'REMOVE'),
(394, 5, 0, '2020-06-01 16:03:51', 'ON'),
(395, 1, 78, '2020-06-01 16:03:51', 'REMOVE'),
(396, 5, 0, '2020-06-01 16:03:52', 'ON'),
(397, 5, 0, '2020-06-01 16:03:53', 'ON'),
(398, 5, 0, '2020-06-01 16:03:54', 'ON'),
(399, 4, 156, '2020-06-01 16:03:55', 'CHECK'),
(400, 5, 0, '2020-06-01 16:03:55', 'ON'),
(401, 5, 0, '2020-06-01 16:03:57', 'ON'),
(402, 5, 0, '2020-06-01 16:03:58', 'ON'),
(403, 5, 0, '2020-06-01 16:03:59', 'ON'),
(404, 4, 156, '2020-06-01 16:04:00', 'CHECK'),
(405, 5, 0, '2020-06-01 16:04:00', 'ON'),
(406, 5, 0, '2020-06-01 16:04:02', 'ON'),
(407, 5, 0, '2020-06-01 16:04:03', 'ON'),
(408, 5, 0, '2020-06-01 16:04:04', 'ON'),
(409, 4, 156, '2020-06-01 16:04:05', 'CHECK'),
(410, 5, 0, '2020-06-01 16:04:05', 'ON'),
(411, 5, 0, '2020-06-01 16:04:07', 'ON'),
(412, 5, 0, '2020-06-01 16:04:08', 'ON'),
(413, 5, 0, '2020-06-01 16:04:09', 'ON'),
(414, 5, 0, '2020-06-01 16:04:10', 'ON'),
(415, 4, 156, '2020-06-01 16:04:11', 'CHECK'),
(416, 5, 0, '2020-06-01 16:04:11', 'ON'),
(417, 5, 0, '2020-06-01 16:04:13', 'ON'),
(418, 5, 0, '2020-06-01 16:04:14', 'ON'),
(419, 5, 0, '2020-06-01 16:04:15', 'ON'),
(420, 1, 11, '2020-06-01 16:04:15', 'REMOVE'),
(421, 4, 156, '2020-06-01 16:04:16', 'CHECK'),
(422, 5, 0, '2020-06-01 16:04:16', 'ON'),
(423, 1, 39, '2020-06-01 16:04:17', 'REMOVE'),
(424, 5, 0, '2020-06-01 16:04:17', 'ON'),
(425, 1, 8, '2020-06-01 16:04:18', 'REMOVE'),
(426, 5, 0, '2020-06-01 16:04:19', 'ON'),
(427, 5, 0, '2020-06-01 16:04:20', 'ON'),
(428, 5, 0, '2020-06-01 16:04:21', 'ON'),
(429, 4, 156, '2020-06-01 16:04:21', 'CHECK'),
(430, 4, 156, '2020-06-01 16:04:26', 'CHECK'),
(431, 4, 156, '2020-06-01 16:04:31', 'CHECK'),
(432, 4, 156, '2020-06-01 16:04:36', 'CHECK'),
(433, 4, 156, '2020-06-01 16:04:42', 'CHECK'),
(434, 5, 0, '2020-06-01 16:04:42', 'ON'),
(435, 5, 0, '2020-06-01 16:04:43', 'ON'),
(436, 5, 0, '2020-06-01 16:04:44', 'ON'),
(437, 5, 0, '2020-06-01 16:04:46', 'ON'),
(438, 5, 0, '2020-06-01 16:04:47', 'ON'),
(439, 4, 156, '2020-06-01 16:04:47', 'CHECK'),
(440, 5, 0, '2020-06-01 16:04:48', 'ON'),
(441, 5, 0, '2020-06-01 16:04:50', 'ON'),
(442, 5, 0, '2020-06-01 16:04:51', 'ON'),
(443, 5, 0, '2020-06-01 16:04:52', 'ON'),
(444, 4, 156, '2020-06-01 16:04:52', 'CHECK'),
(445, 5, 0, '2020-06-01 16:04:53', 'ON'),
(446, 5, 0, '2020-06-01 16:04:55', 'ON'),
(447, 5, 0, '2020-06-01 16:04:56', 'ON'),
(448, 5, 0, '2020-06-01 16:04:57', 'ON'),
(449, 4, 156, '2020-06-01 16:04:58', 'CHECK'),
(450, 5, 0, '2020-06-01 16:04:59', 'ON'),
(451, 5, 0, '2020-06-01 16:05:00', 'ON'),
(452, 5, 0, '2020-06-01 16:05:01', 'ON'),
(453, 5, 0, '2020-06-01 16:05:03', 'ON'),
(454, 4, 156, '2020-06-01 16:05:03', 'CHECK'),
(455, 1, 21, '2020-06-01 16:05:03', 'REMOVE'),
(456, 5, 0, '2020-06-01 16:05:04', 'ON'),
(457, 1, 210, '2020-06-01 16:05:04', 'REMOVE'),
(458, 5, 0, '2020-06-01 16:05:05', 'ON'),
(459, 5, 0, '2020-06-01 16:05:06', 'ON'),
(460, 5, 0, '2020-06-01 16:05:07', 'ON'),
(461, 4, 156, '2020-06-01 16:05:08', 'CHECK'),
(462, 5, 0, '2020-06-01 16:05:08', 'ON'),
(463, 5, 0, '2020-06-01 16:05:10', 'ON'),
(464, 5, 0, '2020-06-01 16:05:11', 'ON'),
(465, 5, 0, '2020-06-01 16:05:12', 'ON'),
(466, 4, 156, '2020-06-01 16:05:13', 'CHECK'),
(467, 5, 0, '2020-06-01 16:05:13', 'ON'),
(468, 1, 4, '2020-06-01 16:05:14', 'REMOVE'),
(469, 5, 0, '2020-06-01 16:05:15', 'ON'),
(470, 5, 0, '2020-06-01 16:05:16', 'ON'),
(471, 5, 0, '2020-06-01 16:05:17', 'ON'),
(472, 1, 92, '2020-06-01 16:05:18', 'REMOVE'),
(473, 5, 0, '2020-06-01 16:05:18', 'ON'),
(474, 4, 156, '2020-06-01 16:05:18', 'CHECK'),
(475, 5, 0, '2020-06-01 16:05:19', 'ON'),
(476, 5, 0, '2020-06-01 16:05:20', 'ON'),
(477, 5, 0, '2020-06-01 16:05:22', 'ON'),
(478, 5, 0, '2020-06-01 16:05:23', 'ON'),
(479, 4, 156, '2020-06-01 16:05:24', 'CHECK'),
(480, 5, 0, '2020-06-01 16:05:24', 'ON'),
(481, 5, 0, '2020-06-01 16:05:25', 'ON'),
(482, 5, 0, '2020-06-01 16:05:27', 'ON'),
(483, 5, 0, '2020-06-01 16:05:28', 'ON'),
(484, 4, 156, '2020-06-01 16:05:29', 'CHECK'),
(485, 5, 0, '2020-06-01 16:05:29', 'ON'),
(486, 5, 0, '2020-06-01 16:05:30', 'ON'),
(487, 5, 0, '2020-06-01 16:05:31', 'ON'),
(488, 4, 156, '2020-06-01 16:06:18', 'CHECK'),
(489, 4, 157, '2020-06-01 16:06:24', 'CHECK'),
(490, 1, 64, '2020-06-01 16:06:24', 'REMOVE'),
(491, 1, 150, '2020-06-01 16:06:28', 'ADD'),
(492, 4, 157, '2020-06-01 16:06:29', 'CHECK'),
(493, 1, 34, '2020-06-01 16:06:33', 'REMOVE'),
(494, 4, 157, '2020-06-01 16:06:34', 'CHECK'),
(495, 1, 5, '2020-06-01 16:06:35', 'REMOVE'),
(496, 4, 157, '2020-06-01 16:06:39', 'CHECK'),
(497, 4, 157, '2020-06-01 16:06:44', 'CHECK'),
(498, 4, 157, '2020-06-01 16:06:50', 'CHECK'),
(499, 4, 157, '2020-06-01 16:06:55', 'CHECK'),
(500, 4, 157, '2020-06-01 16:07:00', 'CHECK'),
(501, 4, 157, '2020-06-01 16:07:05', 'CHECK'),
(502, 4, 157, '2020-06-01 16:07:10', 'CHECK'),
(503, 4, 157, '2020-06-01 16:07:53', 'CHECK'),
(504, 4, 157, '2020-06-01 16:07:59', 'CHECK'),
(505, 1, 19, '2020-06-01 16:08:00', 'ADD'),
(506, 4, 157, '2020-06-01 16:08:04', 'CHECK'),
(507, 4, 158, '2020-06-01 16:10:42', 'CHECK'),
(508, 1, 12, '2020-06-01 16:10:46', 'ADD'),
(509, 4, 158, '2020-06-01 16:10:47', 'CHECK'),
(510, 4, 158, '2020-06-01 16:10:52', 'CHECK'),
(511, 4, 163, '2020-06-01 16:23:48', 'CHECK'),
(512, 4, 163, '2020-06-01 16:23:53', 'CHECK'),
(513, 4, 162, '2020-06-01 16:23:58', 'CHECK'),
(514, 4, 162, '2020-06-01 16:24:03', 'CHECK'),
(515, 4, 163, '2020-06-01 16:24:09', 'CHECK'),
(516, 4, 163, '2020-06-01 16:24:14', 'CHECK'),
(517, 4, 163, '2020-06-01 16:24:19', 'CHECK'),
(518, 1, 23, '2020-06-01 16:24:22', 'ADD'),
(519, 4, 163, '2020-06-01 16:24:24', 'CHECK'),
(520, 4, 163, '2020-06-01 16:24:30', 'CHECK'),
(521, 4, 163, '2020-06-01 16:24:34', 'CHECK'),
(522, 4, 163, '2020-06-01 16:24:40', 'CHECK'),
(523, 5, 0, '2020-06-01 16:24:43', 'ON'),
(524, 5, 0, '2020-06-01 16:24:44', 'ON'),
(525, 4, 163, '2020-06-01 16:24:45', 'CHECK'),
(526, 5, 0, '2020-06-01 16:24:46', 'ON'),
(527, 5, 0, '2020-06-01 16:24:47', 'ON'),
(528, 5, 0, '2020-06-01 16:24:48', 'ON'),
(529, 5, 0, '2020-06-01 16:24:49', 'ON'),
(530, 4, 163, '2020-06-01 16:24:50', 'CHECK'),
(531, 5, 0, '2020-06-01 16:24:50', 'ON'),
(532, 5, 0, '2020-06-01 16:24:51', 'ON'),
(533, 5, 0, '2020-06-01 16:24:53', 'ON'),
(534, 5, 0, '2020-06-01 16:24:54', 'ON'),
(535, 5, 0, '2020-06-01 16:24:55', 'ON'),
(536, 4, 164, '2020-06-01 16:24:55', 'CHECK'),
(537, 5, 0, '2020-06-01 16:24:57', 'ON'),
(538, 5, 0, '2020-06-01 16:24:58', 'ON'),
(539, 5, 0, '2020-06-01 16:24:59', 'ON'),
(540, 5, 0, '2020-06-01 16:25:00', 'ON'),
(541, 4, 164, '2020-06-01 16:25:01', 'CHECK'),
(542, 5, 0, '2020-06-01 16:25:02', 'ON'),
(543, 5, 0, '2020-06-01 16:25:03', 'ON'),
(544, 5, 0, '2020-06-01 16:25:04', 'ON'),
(545, 5, 0, '2020-06-01 16:25:06', 'ON'),
(546, 4, 164, '2020-06-01 16:25:06', 'CHECK'),
(547, 5, 0, '2020-06-01 16:25:07', 'ON'),
(548, 5, 0, '2020-06-01 16:25:08', 'ON'),
(549, 4, 177, '2020-06-01 16:33:29', 'CHECK'),
(550, 4, 177, '2020-06-01 16:33:34', 'CHECK'),
(551, 4, 177, '2020-06-01 16:33:39', 'CHECK'),
(552, 4, 177, '2020-06-01 16:33:44', 'CHECK'),
(553, 4, 177, '2020-06-01 16:33:50', 'CHECK'),
(554, 5, 0, '2020-06-01 16:33:53', 'ON'),
(555, 5, 0, '2020-06-01 16:33:54', 'ON'),
(556, 5, 0, '2020-06-01 16:33:55', 'ON'),
(557, 4, 177, '2020-06-01 16:33:55', 'CHECK'),
(558, 5, 0, '2020-06-01 16:33:56', 'ON'),
(559, 5, 0, '2020-06-01 16:33:58', 'ON'),
(560, 5, 0, '2020-06-01 16:33:59', 'ON'),
(561, 5, 0, '2020-06-01 16:34:00', 'ON'),
(562, 4, 177, '2020-06-01 16:34:00', 'CHECK'),
(563, 5, 0, '2020-06-01 16:34:01', 'ON'),
(564, 5, 0, '2020-06-01 16:34:02', 'ON'),
(565, 5, 0, '2020-06-01 16:34:04', 'ON'),
(566, 5, 0, '2020-06-01 16:34:05', 'ON'),
(567, 4, 177, '2020-06-01 16:34:06', 'CHECK'),
(568, 5, 0, '2020-06-01 16:34:06', 'ON'),
(569, 5, 0, '2020-06-01 16:34:07', 'ON'),
(570, 5, 0, '2020-06-01 16:34:08', 'ON'),
(571, 5, 0, '2020-06-01 16:34:10', 'ON'),
(572, 4, 177, '2020-06-01 16:34:11', 'CHECK'),
(573, 5, 0, '2020-06-01 16:34:11', 'ON'),
(574, 5, 0, '2020-06-01 16:34:12', 'ON'),
(575, 5, 0, '2020-06-01 16:34:13', 'ON'),
(576, 5, 0, '2020-06-01 16:34:14', 'ON'),
(577, 5, 0, '2020-06-01 16:34:16', 'ON'),
(578, 4, 177, '2020-06-01 16:34:16', 'CHECK'),
(579, 5, 0, '2020-06-01 16:34:17', 'ON'),
(580, 5, 0, '2020-06-01 16:34:18', 'ON'),
(581, 1, 1, '2020-06-01 16:34:18', 'REMOVE'),
(582, 5, 0, '2020-06-01 16:34:19', 'ON'),
(583, 1, 48, '2020-06-01 16:34:19', 'REMOVE'),
(584, 5, 0, '2020-06-01 16:34:21', 'ON'),
(585, 4, 177, '2020-06-01 16:34:21', 'CHECK'),
(586, 5, 0, '2020-06-01 16:34:22', 'ON'),
(587, 5, 0, '2020-06-01 16:34:23', 'ON'),
(588, 5, 0, '2020-06-01 16:34:24', 'ON'),
(589, 5, 0, '2020-06-01 16:34:25', 'ON'),
(590, 4, 178, '2020-06-01 16:34:26', 'CHECK'),
(591, 5, 0, '2020-06-01 16:34:26', 'ON'),
(592, 5, 0, '2020-06-01 16:34:28', 'ON'),
(593, 5, 0, '2020-06-01 16:34:29', 'ON'),
(594, 5, 0, '2020-06-01 16:34:30', 'ON'),
(595, 5, 0, '2020-06-01 16:34:31', 'ON'),
(596, 4, 178, '2020-06-01 16:34:32', 'CHECK'),
(597, 5, 0, '2020-06-01 16:34:33', 'ON'),
(598, 5, 0, '2020-06-01 16:34:34', 'ON'),
(599, 5, 0, '2020-06-01 16:34:35', 'ON'),
(600, 5, 0, '2020-06-01 16:34:36', 'ON'),
(601, 4, 178, '2020-06-01 16:34:37', 'CHECK'),
(602, 5, 0, '2020-06-01 16:34:38', 'ON'),
(603, 5, 0, '2020-06-01 16:34:39', 'ON'),
(604, 5, 0, '2020-06-01 16:34:40', 'ON'),
(605, 5, 0, '2020-06-01 16:34:41', 'ON'),
(606, 4, 178, '2020-06-01 16:34:42', 'CHECK'),
(607, 1, 45, '2020-06-01 16:34:42', 'REMOVE'),
(608, 5, 0, '2020-06-01 16:34:43', 'ON'),
(609, 5, 0, '2020-06-01 16:34:44', 'ON'),
(610, 5, 0, '2020-06-01 16:34:45', 'ON'),
(611, 5, 0, '2020-06-01 16:34:46', 'ON'),
(612, 4, 178, '2020-06-01 16:34:47', 'CHECK'),
(613, 5, 0, '2020-06-01 16:34:47', 'ON'),
(614, 5, 0, '2020-06-01 16:34:49', 'ON'),
(615, 5, 0, '2020-06-01 16:34:50', 'ON'),
(616, 5, 0, '2020-06-01 16:34:51', 'ON'),
(617, 5, 0, '2020-06-01 16:34:52', 'ON'),
(618, 4, 178, '2020-06-01 16:34:52', 'CHECK'),
(619, 5, 0, '2020-06-01 16:34:54', 'ON'),
(620, 5, 0, '2020-06-01 16:34:55', 'ON'),
(621, 5, 0, '2020-06-01 16:34:56', 'ON'),
(622, 5, 0, '2020-06-01 16:34:58', 'ON'),
(623, 4, 178, '2020-06-01 16:34:58', 'CHECK'),
(624, 1, 3, '2020-06-01 16:34:58', 'REMOVE'),
(625, 5, 0, '2020-06-01 16:34:59', 'ON'),
(626, 1, 228, '2020-06-01 16:34:59', 'REMOVE'),
(627, 5, 0, '2020-06-01 16:35:00', 'ON'),
(628, 5, 0, '2020-06-01 16:35:01', 'ON'),
(629, 5, 0, '2020-06-01 16:35:02', 'ON'),
(630, 4, 178, '2020-06-01 16:35:03', 'CHECK'),
(631, 5, 0, '2020-06-01 16:35:04', 'ON'),
(632, 5, 0, '2020-06-01 16:35:05', 'ON'),
(633, 5, 0, '2020-06-01 16:35:06', 'ON'),
(634, 5, 0, '2020-06-01 16:35:07', 'ON'),
(635, 4, 178, '2020-06-01 16:35:08', 'CHECK'),
(636, 5, 0, '2020-06-01 16:35:08', 'ON'),
(637, 5, 0, '2020-06-01 16:35:10', 'ON'),
(638, 5, 0, '2020-06-01 16:35:11', 'ON'),
(639, 5, 0, '2020-06-01 16:35:12', 'ON'),
(640, 4, 178, '2020-06-01 16:35:13', 'CHECK'),
(641, 5, 0, '2020-06-01 16:35:14', 'ON'),
(642, 5, 0, '2020-06-01 16:35:15', 'ON'),
(643, 5, 0, '2020-06-01 16:35:16', 'ON'),
(644, 4, 181, '2020-06-01 16:38:19', 'CHECK'),
(645, 4, 181, '2020-06-01 16:38:24', 'CHECK'),
(646, 1, 34, '2020-06-01 16:38:25', 'REMOVE'),
(647, 4, 181, '2020-06-01 16:38:29', 'CHECK'),
(648, 5, 0, '2020-06-01 16:38:34', 'ON'),
(649, 4, 181, '2020-06-01 16:38:34', 'CHECK'),
(650, 5, 0, '2020-06-01 16:38:35', 'ON'),
(651, 5, 0, '2020-06-01 16:38:36', 'ON'),
(652, 5, 0, '2020-06-01 16:38:37', 'ON'),
(653, 5, 0, '2020-06-01 16:38:39', 'ON'),
(654, 4, 180, '2020-06-01 16:38:40', 'CHECK'),
(655, 5, 0, '2020-06-01 16:38:40', 'ON'),
(656, 5, 0, '2020-06-01 16:38:41', 'ON'),
(657, 5, 0, '2020-06-01 16:38:42', 'ON'),
(658, 5, 0, '2020-06-01 16:38:44', 'ON'),
(659, 5, 0, '2020-06-01 16:38:45', 'ON'),
(660, 4, 181, '2020-06-01 16:38:45', 'CHECK'),
(661, 5, 0, '2020-06-01 16:38:46', 'ON'),
(662, 5, 0, '2020-06-01 16:38:47', 'ON'),
(663, 5, 0, '2020-06-01 16:38:48', 'ON'),
(664, 5, 0, '2020-06-01 16:38:49', 'ON'),
(665, 4, 181, '2020-06-01 16:38:50', 'CHECK'),
(666, 5, 0, '2020-06-01 16:38:51', 'ON'),
(667, 5, 0, '2020-06-01 16:38:52', 'ON'),
(668, 5, 0, '2020-06-01 16:38:53', 'ON'),
(669, 5, 0, '2020-06-01 16:38:54', 'ON'),
(670, 4, 180, '2020-06-01 16:38:56', 'CHECK'),
(671, 5, 0, '2020-06-01 16:38:56', 'ON'),
(672, 5, 0, '2020-06-01 16:38:57', 'ON'),
(673, 5, 0, '2020-06-01 16:38:58', 'ON'),
(674, 5, 0, '2020-06-01 16:39:00', 'ON'),
(675, 4, 181, '2020-06-01 16:39:05', 'CHECK'),
(676, 1, 42, '2020-06-01 16:39:09', 'REMOVE'),
(677, 4, 181, '2020-06-01 16:39:11', 'CHECK'),
(678, 5, 0, '2020-06-01 16:39:13', 'ON'),
(679, 5, 0, '2020-06-01 16:39:15', 'ON'),
(680, 5, 0, '2020-06-01 16:39:16', 'ON'),
(681, 4, 181, '2020-06-01 16:39:16', 'CHECK'),
(682, 5, 0, '2020-06-01 16:39:17', 'ON'),
(683, 5, 0, '2020-06-01 16:39:18', 'ON'),
(684, 5, 0, '2020-06-01 16:39:20', 'ON'),
(685, 5, 0, '2020-06-01 16:39:21', 'ON'),
(686, 4, 181, '2020-06-01 16:39:21', 'CHECK'),
(687, 1, 2, '2020-06-01 16:39:22', 'ADD'),
(688, 1, 3, '2020-06-01 16:39:23', 'REMOVE'),
(689, 1, 13, '2020-06-01 16:39:24', 'REMOVE'),
(690, 1, 29, '2020-06-01 16:39:26', 'REMOVE'),
(691, 4, 180, '2020-06-01 16:39:26', 'CHECK'),
(692, 4, 181, '2020-06-01 16:39:32', 'CHECK'),
(693, 4, 181, '2020-06-01 16:39:37', 'CHECK'),
(694, 4, 181, '2020-06-01 16:39:42', 'CHECK'),
(695, 4, 181, '2020-06-01 16:40:00', 'CHECK'),
(696, 4, 181, '2020-06-01 16:40:05', 'CHECK'),
(697, 4, 180, '2020-06-01 16:40:47', 'CHECK'),
(698, 4, 180, '2020-06-01 16:40:52', 'CHECK'),
(699, 4, 180, '2020-06-01 16:41:20', 'CHECK'),
(700, 4, 180, '2020-06-01 16:41:25', 'CHECK'),
(701, 1, 50, '2020-06-01 16:41:28', 'REMOVE'),
(702, 4, 180, '2020-06-01 16:41:31', 'CHECK'),
(703, 4, 180, '2020-06-01 16:41:36', 'CHECK'),
(704, 4, 180, '2020-06-01 16:41:41', 'CHECK'),
(705, 4, 180, '2020-06-01 16:41:46', 'CHECK'),
(706, 4, 180, '2020-06-01 16:41:52', 'CHECK'),
(707, 4, 180, '2020-06-01 16:41:57', 'CHECK'),
(708, 4, 180, '2020-06-01 16:42:02', 'CHECK'),
(709, 4, 180, '2020-06-01 16:42:07', 'CHECK'),
(710, 4, 180, '2020-06-01 16:42:13', 'CHECK'),
(711, 4, 180, '2020-06-01 16:42:18', 'CHECK'),
(712, 4, 179, '2020-06-01 16:42:23', 'CHECK'),
(713, 4, 179, '2020-06-01 16:42:29', 'CHECK'),
(714, 4, 179, '2020-06-01 16:42:34', 'CHECK'),
(715, 4, 179, '2020-06-01 16:42:39', 'CHECK'),
(716, 4, 180, '2020-06-01 16:42:44', 'CHECK'),
(717, 4, 179, '2020-06-01 16:42:50', 'CHECK'),
(718, 4, 179, '2020-06-01 16:42:55', 'CHECK'),
(719, 4, 179, '2020-06-01 16:43:00', 'CHECK'),
(720, 4, 175, '2020-06-01 16:43:35', 'CHECK'),
(721, 4, 174, '2020-06-01 16:43:41', 'CHECK'),
(722, 4, 158, '2020-06-01 16:52:14', 'CHECK'),
(723, 4, 156, '2020-06-01 16:53:11', 'CHECK'),
(724, 4, 156, '2020-06-01 16:53:16', 'CHECK'),
(725, 4, 156, '2020-06-01 16:53:21', 'CHECK'),
(726, 4, 156, '2020-06-01 16:53:26', 'CHECK'),
(727, 4, 156, '2020-06-01 16:53:32', 'CHECK'),
(728, 4, 156, '2020-06-01 16:53:37', 'CHECK'),
(729, 4, 155, '2020-06-01 16:53:43', 'CHECK'),
(730, 4, 155, '2020-06-01 16:53:48', 'CHECK'),
(731, 4, 155, '2020-06-01 16:53:54', 'CHECK'),
(732, 4, 146, '2020-06-01 17:01:29', 'CHECK'),
(733, 4, 146, '2020-06-01 17:01:35', 'CHECK'),
(734, 4, 146, '2020-06-01 17:01:40', 'CHECK'),
(735, 4, 146, '2020-06-01 17:01:45', 'CHECK'),
(736, 4, 146, '2020-06-01 17:01:50', 'CHECK'),
(737, 4, 146, '2020-06-01 17:01:56', 'CHECK'),
(738, 4, 146, '2020-06-01 17:02:01', 'CHECK'),
(739, 4, 146, '2020-06-01 17:02:06', 'CHECK'),
(740, 4, 145, '2020-06-01 17:02:11', 'CHECK'),
(741, 4, 145, '2020-06-01 17:02:17', 'CHECK'),
(742, 4, 145, '2020-06-01 17:02:22', 'CHECK'),
(743, 4, 145, '2020-06-01 17:02:27', 'CHECK'),
(744, 4, 145, '2020-06-01 17:02:33', 'CHECK'),
(745, 4, 145, '2020-06-01 17:02:38', 'CHECK'),
(746, 4, 145, '2020-06-01 17:02:43', 'CHECK'),
(747, 4, 145, '2020-06-01 17:02:48', 'CHECK'),
(748, 4, 145, '2020-06-01 17:02:54', 'CHECK'),
(749, 4, 145, '2020-06-01 17:02:59', 'CHECK'),
(750, 4, 145, '2020-06-01 17:03:04', 'CHECK'),
(751, 4, 144, '2020-06-01 17:03:09', 'CHECK'),
(752, 4, 145, '2020-06-01 17:03:15', 'CHECK'),
(753, 4, 145, '2020-06-01 17:03:20', 'CHECK'),
(754, 4, 145, '2020-06-01 17:03:25', 'CHECK'),
(755, 4, 145, '2020-06-01 17:03:31', 'CHECK'),
(756, 4, 145, '2020-06-01 17:03:36', 'CHECK'),
(757, 4, 145, '2020-06-01 17:03:41', 'CHECK'),
(758, 4, 144, '2020-06-01 17:03:46', 'CHECK'),
(759, 4, 144, '2020-06-01 17:03:52', 'CHECK'),
(760, 4, 144, '2020-06-01 17:03:57', 'CHECK'),
(761, 4, 144, '2020-06-01 17:04:02', 'CHECK'),
(762, 4, 143, '2020-06-01 17:04:07', 'CHECK'),
(763, 4, 144, '2020-06-01 17:04:13', 'CHECK'),
(764, 4, 143, '2020-06-01 17:04:18', 'CHECK'),
(765, 4, 143, '2020-06-01 17:04:23', 'CHECK'),
(766, 4, 143, '2020-06-01 17:04:29', 'CHECK'),
(767, 4, 143, '2020-06-01 17:04:34', 'CHECK'),
(768, 4, 143, '2020-06-01 17:04:39', 'CHECK'),
(769, 4, 143, '2020-06-01 17:04:44', 'CHECK'),
(770, 4, 143, '2020-06-01 17:04:50', 'CHECK'),
(771, 4, 142, '2020-06-01 17:04:55', 'CHECK'),
(772, 4, 142, '2020-06-01 17:05:00', 'CHECK'),
(773, 4, 142, '2020-06-01 17:05:05', 'CHECK'),
(774, 4, 142, '2020-06-01 17:05:11', 'CHECK'),
(775, 4, 142, '2020-06-01 17:05:16', 'CHECK'),
(776, 4, 141, '2020-06-01 17:05:21', 'CHECK'),
(777, 4, 141, '2020-06-01 17:05:26', 'CHECK'),
(778, 4, 141, '2020-06-01 17:05:32', 'CHECK'),
(779, 4, 141, '2020-06-01 17:05:37', 'CHECK'),
(780, 4, 141, '2020-06-01 17:05:42', 'CHECK'),
(781, 4, 141, '2020-06-01 17:05:48', 'CHECK'),
(782, 4, 141, '2020-06-01 17:05:53', 'CHECK'),
(783, 4, 141, '2020-06-01 17:05:58', 'CHECK'),
(784, 4, 141, '2020-06-01 17:06:03', 'CHECK'),
(785, 4, 141, '2020-06-01 17:06:09', 'CHECK'),
(786, 4, 141, '2020-06-01 17:06:14', 'CHECK'),
(787, 4, 140, '2020-06-01 17:06:19', 'CHECK'),
(788, 4, 140, '2020-06-01 17:06:24', 'CHECK'),
(789, 4, 140, '2020-06-01 17:06:30', 'CHECK'),
(790, 4, 140, '2020-06-01 17:06:35', 'CHECK'),
(791, 4, 140, '2020-06-01 17:06:40', 'CHECK'),
(792, 4, 140, '2020-06-01 17:06:46', 'CHECK'),
(793, 4, 140, '2020-06-01 17:06:51', 'CHECK'),
(794, 4, 140, '2020-06-01 17:06:56', 'CHECK'),
(795, 4, 140, '2020-06-01 17:07:01', 'CHECK'),
(796, 4, 140, '2020-06-01 17:07:07', 'CHECK'),
(797, 4, 140, '2020-06-01 17:07:12', 'CHECK'),
(798, 4, 140, '2020-06-01 17:07:17', 'CHECK'),
(799, 4, 139, '2020-06-01 17:07:22', 'CHECK'),
(800, 4, 139, '2020-06-01 17:07:28', 'CHECK'),
(801, 4, 139, '2020-06-01 17:07:33', 'CHECK'),
(802, 4, 139, '2020-06-01 17:07:38', 'CHECK'),
(803, 4, 139, '2020-06-01 17:07:43', 'CHECK'),
(804, 4, 139, '2020-06-01 17:07:48', 'CHECK'),
(805, 4, 139, '2020-06-01 17:07:53', 'CHECK'),
(806, 4, 139, '2020-06-01 17:07:59', 'CHECK'),
(807, 4, 138, '2020-06-01 17:08:04', 'CHECK'),
(808, 4, 138, '2020-06-01 17:08:09', 'CHECK'),
(809, 4, 138, '2020-06-01 17:08:14', 'CHECK'),
(810, 4, 138, '2020-06-01 17:08:19', 'CHECK'),
(811, 4, 138, '2020-06-01 17:08:25', 'CHECK'),
(812, 4, 138, '2020-06-01 17:08:30', 'CHECK'),
(813, 4, 138, '2020-06-01 17:08:35', 'CHECK'),
(814, 4, 138, '2020-06-01 17:08:41', 'CHECK'),
(815, 4, 138, '2020-06-01 17:08:46', 'CHECK'),
(816, 4, 138, '2020-06-01 17:08:51', 'CHECK'),
(817, 4, 138, '2020-06-01 17:08:56', 'CHECK'),
(818, 4, 138, '2020-06-01 17:09:02', 'CHECK'),
(819, 4, 137, '2020-06-01 17:09:07', 'CHECK'),
(820, 4, 137, '2020-06-01 17:09:12', 'CHECK'),
(821, 4, 137, '2020-06-01 17:09:17', 'CHECK'),
(822, 4, 137, '2020-06-01 17:09:23', 'CHECK'),
(823, 4, 137, '2020-06-01 17:09:28', 'CHECK'),
(824, 4, 137, '2020-06-01 17:09:33', 'CHECK'),
(825, 4, 137, '2020-06-01 17:09:38', 'CHECK'),
(826, 4, 136, '2020-06-01 17:09:44', 'CHECK'),
(827, 4, 136, '2020-06-01 17:09:49', 'CHECK'),
(828, 4, 136, '2020-06-01 17:09:54', 'CHECK'),
(829, 4, 136, '2020-06-01 17:10:00', 'CHECK'),
(830, 4, 136, '2020-06-01 17:10:05', 'CHECK'),
(831, 4, 135, '2020-06-01 17:10:10', 'CHECK'),
(832, 4, 135, '2020-06-01 17:10:15', 'CHECK'),
(833, 4, 135, '2020-06-01 17:10:21', 'CHECK'),
(834, 4, 135, '2020-06-01 17:10:26', 'CHECK'),
(835, 4, 135, '2020-06-01 17:10:31', 'CHECK'),
(836, 4, 135, '2020-06-01 17:10:36', 'CHECK'),
(837, 4, 134, '2020-06-01 17:10:41', 'CHECK'),
(838, 4, 134, '2020-06-01 17:10:46', 'CHECK'),
(839, 4, 134, '2020-06-01 17:10:52', 'CHECK'),
(840, 4, 134, '2020-06-01 17:10:57', 'CHECK'),
(841, 4, 134, '2020-06-01 17:11:02', 'CHECK'),
(842, 4, 134, '2020-06-01 17:11:07', 'CHECK'),
(843, 4, 133, '2020-06-01 17:11:12', 'CHECK'),
(844, 4, 133, '2020-06-01 17:11:18', 'CHECK'),
(845, 4, 133, '2020-06-01 17:11:23', 'CHECK'),
(846, 4, 133, '2020-06-01 17:11:28', 'CHECK'),
(847, 4, 133, '2020-06-01 17:11:33', 'CHECK'),
(848, 4, 133, '2020-06-01 17:11:38', 'CHECK'),
(849, 4, 133, '2020-06-01 17:11:44', 'CHECK'),
(850, 4, 133, '2020-06-01 17:11:49', 'CHECK'),
(851, 4, 133, '2020-06-01 17:11:54', 'CHECK'),
(852, 4, 132, '2020-06-01 17:11:59', 'CHECK'),
(853, 4, 132, '2020-06-01 17:12:04', 'CHECK'),
(854, 4, 132, '2020-06-01 17:12:09', 'CHECK'),
(855, 4, 132, '2020-06-01 17:12:15', 'CHECK'),
(856, 4, 132, '2020-06-01 17:12:20', 'CHECK'),
(857, 4, 132, '2020-06-01 17:12:25', 'CHECK'),
(858, 4, 132, '2020-06-01 17:12:30', 'CHECK'),
(859, 4, 136, '2020-06-01 17:12:36', 'CHECK'),
(860, 4, 136, '2020-06-01 17:12:41', 'CHECK'),
(861, 4, 136, '2020-06-01 17:12:46', 'CHECK'),
(862, 4, 136, '2020-06-01 17:12:51', 'CHECK'),
(863, 4, 136, '2020-06-01 17:12:56', 'CHECK'),
(864, 4, 136, '2020-06-01 17:13:02', 'CHECK'),
(865, 1, 1, '2020-06-01 17:13:03', 'REMOVE'),
(866, 4, 136, '2020-06-01 17:13:07', 'CHECK'),
(867, 4, 135, '2020-06-01 17:13:12', 'CHECK'),
(868, 1, 1, '2020-06-01 17:13:16', 'REMOVE'),
(869, 4, 135, '2020-06-01 17:13:17', 'CHECK'),
(870, 4, 135, '2020-06-01 17:13:22', 'CHECK'),
(871, 1, 1, '2020-06-01 17:13:25', 'REMOVE'),
(872, 4, 135, '2020-06-01 17:13:28', 'CHECK'),
(873, 1, 1, '2020-06-01 17:13:28', 'REMOVE'),
(874, 4, 135, '2020-06-01 17:13:33', 'CHECK'),
(875, 1, 1, '2020-06-01 17:13:37', 'REMOVE'),
(876, 4, 135, '2020-06-01 17:13:38', 'CHECK'),
(877, 1, 1, '2020-06-01 17:13:40', 'REMOVE'),
(878, 4, 135, '2020-06-01 17:13:43', 'CHECK'),
(879, 1, 1, '2020-06-01 17:13:44', 'REMOVE'),
(880, 1, 1, '2020-06-01 17:13:47', 'REMOVE'),
(881, 4, 135, '2020-06-01 17:13:49', 'CHECK'),
(882, 1, 1, '2020-06-01 17:13:52', 'REMOVE'),
(883, 4, 134, '2020-06-01 17:13:54', 'CHECK'),
(884, 1, 1, '2020-06-01 17:13:55', 'REMOVE'),
(885, 1, 1, '2020-06-01 17:13:58', 'REMOVE'),
(886, 4, 134, '2020-06-01 17:13:59', 'CHECK'),
(887, 1, 1, '2020-06-01 17:14:01', 'REMOVE'),
(888, 4, 134, '2020-06-01 17:14:04', 'CHECK'),
(889, 1, 1, '2020-06-01 17:14:08', 'REMOVE'),
(890, 4, 134, '2020-06-01 17:14:09', 'CHECK'),
(891, 1, 1, '2020-06-01 17:14:14', 'REMOVE'),
(892, 4, 134, '2020-06-01 17:14:15', 'CHECK'),
(893, 4, 134, '2020-06-01 17:14:20', 'CHECK'),
(894, 4, 134, '2020-06-01 17:14:25', 'CHECK'),
(895, 1, 1, '2020-06-01 17:14:25', 'REMOVE'),
(896, 4, 133, '2020-06-01 17:14:30', 'CHECK'),
(897, 4, 133, '2020-06-01 17:14:35', 'CHECK'),
(898, 4, 133, '2020-06-01 17:14:41', 'CHECK'),
(899, 1, 1, '2020-06-01 17:14:42', 'REMOVE'),
(900, 4, 133, '2020-06-01 17:14:46', 'CHECK'),
(901, 4, 133, '2020-06-01 17:14:51', 'CHECK'),
(902, 4, 133, '2020-06-01 17:14:57', 'CHECK'),
(903, 4, 133, '2020-06-01 17:15:02', 'CHECK'),
(904, 4, 133, '2020-06-01 17:15:07', 'CHECK'),
(905, 1, 1, '2020-06-01 17:15:12', 'REMOVE'),
(906, 4, 133, '2020-06-01 17:15:12', 'CHECK'),
(907, 4, 132, '2020-06-01 17:15:17', 'CHECK'),
(908, 1, 1, '2020-06-01 17:15:21', 'REMOVE'),
(909, 4, 132, '2020-06-01 17:15:22', 'CHECK'),
(910, 4, 132, '2020-06-01 17:15:28', 'CHECK'),
(911, 4, 132, '2020-06-01 17:15:33', 'CHECK'),
(912, 4, 132, '2020-06-01 17:15:38', 'CHECK'),
(913, 4, 132, '2020-06-01 17:15:43', 'CHECK'),
(914, 4, 131, '2020-06-01 17:15:49', 'CHECK'),
(915, 4, 131, '2020-06-01 17:15:54', 'CHECK'),
(916, 4, 131, '2020-06-01 17:15:59', 'CHECK'),
(917, 4, 131, '2020-06-01 17:16:04', 'CHECK'),
(918, 4, 131, '2020-06-01 17:16:10', 'CHECK'),
(919, 4, 131, '2020-06-01 17:16:15', 'CHECK'),
(920, 4, 131, '2020-06-01 17:16:20', 'CHECK'),
(921, 4, 131, '2020-06-01 17:16:26', 'CHECK'),
(922, 4, 131, '2020-06-01 17:16:31', 'CHECK'),
(923, 4, 131, '2020-06-01 17:16:36', 'CHECK'),
(924, 4, 131, '2020-06-01 17:16:41', 'CHECK'),
(925, 4, 130, '2020-06-01 17:16:47', 'CHECK'),
(926, 4, 130, '2020-06-01 17:16:52', 'CHECK'),
(927, 4, 130, '2020-06-01 17:16:57', 'CHECK'),
(928, 4, 130, '2020-06-01 17:17:02', 'CHECK'),
(929, 4, 130, '2020-06-01 17:17:08', 'CHECK'),
(930, 4, 130, '2020-06-01 17:17:13', 'CHECK'),
(931, 4, 130, '2020-06-01 17:17:18', 'CHECK'),
(932, 4, 130, '2020-06-01 17:17:23', 'CHECK'),
(933, 4, 130, '2020-06-01 17:17:29', 'CHECK'),
(934, 4, 130, '2020-06-01 17:17:34', 'CHECK'),
(935, 4, 129, '2020-06-01 17:17:39', 'CHECK'),
(936, 4, 129, '2020-06-01 17:17:45', 'CHECK'),
(937, 4, 129, '2020-06-01 17:17:50', 'CHECK'),
(938, 4, 129, '2020-06-01 17:17:55', 'CHECK'),
(939, 4, 129, '2020-06-01 17:18:00', 'CHECK'),
(940, 4, 125, '2020-06-01 17:18:06', 'CHECK'),
(941, 4, 122, '2020-06-01 17:18:11', 'CHECK'),
(942, 4, 122, '2020-06-01 17:18:16', 'CHECK'),
(943, 4, 122, '2020-06-01 17:18:21', 'CHECK'),
(944, 4, 122, '2020-06-01 17:18:27', 'CHECK'),
(945, 4, 122, '2020-06-01 17:18:32', 'CHECK'),
(946, 4, 122, '2020-06-01 17:18:37', 'CHECK'),
(947, 4, 122, '2020-06-01 17:18:42', 'CHECK'),
(948, 4, 122, '2020-06-01 17:18:48', 'CHECK'),
(949, 4, 121, '2020-06-01 17:18:53', 'CHECK'),
(950, 4, 121, '2020-06-01 17:18:58', 'CHECK'),
(951, 4, 121, '2020-06-01 17:19:04', 'CHECK'),
(952, 4, 121, '2020-06-01 17:19:09', 'CHECK'),
(953, 4, 121, '2020-06-01 17:19:14', 'CHECK'),
(954, 4, 121, '2020-06-01 17:19:19', 'CHECK'),
(955, 4, 121, '2020-06-01 17:19:25', 'CHECK'),
(956, 4, 121, '2020-06-01 17:19:30', 'CHECK'),
(957, 4, 121, '2020-06-01 17:19:35', 'CHECK'),
(958, 4, 121, '2020-06-01 17:19:40', 'CHECK'),
(959, 4, 121, '2020-06-01 17:19:46', 'CHECK'),
(960, 4, 121, '2020-06-01 17:19:51', 'CHECK'),
(961, 4, 121, '2020-06-01 17:19:56', 'CHECK'),
(962, 4, 121, '2020-06-01 17:20:02', 'CHECK'),
(963, 4, 121, '2020-06-01 17:20:07', 'CHECK'),
(964, 4, 121, '2020-06-01 17:20:12', 'CHECK'),
(965, 4, 121, '2020-06-01 17:20:17', 'CHECK'),
(966, 4, 121, '2020-06-01 17:20:23', 'CHECK'),
(967, 4, 120, '2020-06-01 17:20:28', 'CHECK'),
(968, 4, 120, '2020-06-01 17:20:33', 'CHECK'),
(969, 4, 120, '2020-06-01 17:20:38', 'CHECK'),
(970, 4, 120, '2020-06-01 17:21:23', 'CHECK'),
(971, 4, 120, '2020-06-01 17:21:28', 'CHECK'),
(972, 4, 119, '2020-06-01 17:21:33', 'CHECK'),
(973, 4, 119, '2020-06-01 17:21:38', 'CHECK'),
(974, 4, 119, '2020-06-01 17:21:44', 'CHECK'),
(975, 4, 119, '2020-06-01 17:21:49', 'CHECK'),
(976, 4, 119, '2020-06-01 17:21:54', 'CHECK'),
(977, 4, 119, '2020-06-01 17:21:59', 'CHECK'),
(978, 4, 119, '2020-06-01 17:22:05', 'CHECK'),
(979, 4, 119, '2020-06-01 17:22:10', 'CHECK'),
(980, 4, 119, '2020-06-01 17:22:15', 'CHECK'),
(981, 4, 119, '2020-06-01 17:22:20', 'CHECK'),
(982, 4, 119, '2020-06-01 17:22:26', 'CHECK'),
(983, 4, 119, '2020-06-01 17:22:31', 'CHECK'),
(984, 4, 119, '2020-06-01 17:22:36', 'CHECK'),
(985, 4, 119, '2020-06-01 17:22:42', 'CHECK'),
(986, 4, 119, '2020-06-01 17:22:47', 'CHECK'),
(987, 4, 118, '2020-06-01 17:22:52', 'CHECK'),
(988, 4, 118, '2020-06-01 17:22:57', 'CHECK'),
(989, 4, 119, '2020-06-01 17:23:03', 'CHECK'),
(990, 4, 118, '2020-06-01 17:23:08', 'CHECK'),
(991, 4, 119, '2020-06-01 17:23:13', 'CHECK'),
(992, 4, 119, '2020-06-01 17:23:18', 'CHECK'),
(993, 4, 118, '2020-06-01 17:23:24', 'CHECK'),
(994, 4, 118, '2020-06-01 17:23:29', 'CHECK'),
(995, 4, 118, '2020-06-01 17:23:34', 'CHECK'),
(996, 4, 118, '2020-06-01 17:23:40', 'CHECK'),
(997, 4, 118, '2020-06-01 17:23:45', 'CHECK'),
(998, 4, 118, '2020-06-01 17:23:50', 'CHECK'),
(999, 4, 118, '2020-06-01 17:23:55', 'CHECK'),
(1000, 4, 118, '2020-06-01 17:24:01', 'CHECK'),
(1001, 4, 118, '2020-06-01 17:24:06', 'CHECK'),
(1002, 4, 118, '2020-06-01 17:24:11', 'CHECK'),
(1003, 4, 118, '2020-06-01 17:24:16', 'CHECK'),
(1004, 4, 118, '2020-06-01 17:24:22', 'CHECK'),
(1005, 4, 118, '2020-06-01 17:24:27', 'CHECK'),
(1006, 4, 118, '2020-06-01 17:24:32', 'CHECK'),
(1007, 4, 118, '2020-06-01 17:24:37', 'CHECK'),
(1008, 4, 118, '2020-06-01 17:24:43', 'CHECK'),
(1009, 4, 118, '2020-06-01 17:24:48', 'CHECK'),
(1010, 4, 118, '2020-06-01 17:24:53', 'CHECK'),
(1011, 4, 118, '2020-06-01 17:24:59', 'CHECK'),
(1012, 4, 118, '2020-06-01 17:25:04', 'CHECK'),
(1013, 4, 118, '2020-06-01 17:25:09', 'CHECK'),
(1014, 4, 118, '2020-06-01 17:25:14', 'CHECK'),
(1015, 4, 118, '2020-06-01 17:25:20', 'CHECK'),
(1016, 4, 118, '2020-06-01 17:25:25', 'CHECK'),
(1017, 4, 118, '2020-06-01 17:25:30', 'CHECK'),
(1018, 4, 118, '2020-06-01 17:25:35', 'CHECK'),
(1019, 4, 118, '2020-06-01 17:25:41', 'CHECK'),
(1020, 4, 118, '2020-06-01 17:25:46', 'CHECK'),
(1021, 4, 118, '2020-06-01 17:25:51', 'CHECK'),
(1022, 4, 118, '2020-06-01 17:25:57', 'CHECK'),
(1023, 4, 118, '2020-06-01 17:26:02', 'CHECK'),
(1024, 4, 118, '2020-06-01 17:26:07', 'CHECK'),
(1025, 4, 118, '2020-06-01 17:26:12', 'CHECK'),
(1026, 4, 118, '2020-06-01 17:26:18', 'CHECK'),
(1027, 4, 118, '2020-06-01 17:26:23', 'CHECK'),
(1028, 4, 118, '2020-06-01 17:26:28', 'CHECK'),
(1029, 4, 118, '2020-06-01 17:26:33', 'CHECK'),
(1030, 4, 118, '2020-06-01 17:26:39', 'CHECK'),
(1031, 4, 118, '2020-06-01 17:26:44', 'CHECK'),
(1032, 4, 118, '2020-06-01 17:26:49', 'CHECK'),
(1033, 4, 118, '2020-06-01 17:26:54', 'CHECK'),
(1034, 4, 118, '2020-06-01 17:27:00', 'CHECK'),
(1035, 4, 118, '2020-06-01 17:27:05', 'CHECK'),
(1036, 4, 118, '2020-06-01 17:27:10', 'CHECK'),
(1037, 4, 118, '2020-06-01 17:27:16', 'CHECK'),
(1038, 4, 118, '2020-06-01 17:27:21', 'CHECK'),
(1039, 4, 118, '2020-06-01 17:27:26', 'CHECK'),
(1040, 4, 119, '2020-06-01 17:27:31', 'CHECK'),
(1041, 4, 119, '2020-06-01 17:27:37', 'CHECK'),
(1042, 4, 119, '2020-06-01 17:27:42', 'CHECK'),
(1043, 4, 119, '2020-06-01 17:27:47', 'CHECK'),
(1044, 4, 118, '2020-06-01 17:27:52', 'CHECK'),
(1045, 4, 119, '2020-06-01 17:27:58', 'CHECK'),
(1046, 4, 119, '2020-06-01 17:28:03', 'CHECK'),
(1047, 4, 119, '2020-06-01 17:28:08', 'CHECK'),
(1048, 4, 119, '2020-06-01 17:28:13', 'CHECK'),
(1049, 4, 119, '2020-06-01 17:28:18', 'CHECK'),
(1050, 4, 119, '2020-06-01 17:28:24', 'CHECK'),
(1051, 4, 119, '2020-06-01 17:28:29', 'CHECK'),
(1052, 4, 119, '2020-06-01 17:28:34', 'CHECK'),
(1053, 4, 119, '2020-06-01 17:28:39', 'CHECK'),
(1054, 4, 119, '2020-06-01 17:28:44', 'CHECK'),
(1055, 4, 119, '2020-06-01 17:28:49', 'CHECK'),
(1056, 4, 119, '2020-06-01 17:28:55', 'CHECK'),
(1057, 4, 119, '2020-06-01 17:29:00', 'CHECK'),
(1058, 4, 119, '2020-06-01 17:29:05', 'CHECK'),
(1059, 4, 119, '2020-06-01 17:29:11', 'CHECK'),
(1060, 4, 119, '2020-06-01 17:29:16', 'CHECK'),
(1061, 4, 119, '2020-06-01 17:29:21', 'CHECK'),
(1062, 4, 119, '2020-06-01 17:29:26', 'CHECK'),
(1063, 4, 119, '2020-06-01 17:29:32', 'CHECK'),
(1064, 4, 119, '2020-06-01 17:29:37', 'CHECK'),
(1065, 4, 120, '2020-06-01 17:29:42', 'CHECK'),
(1066, 4, 119, '2020-06-01 17:29:47', 'CHECK'),
(1067, 4, 120, '2020-06-01 17:29:53', 'CHECK'),
(1068, 4, 120, '2020-06-01 17:29:58', 'CHECK'),
(1069, 4, 120, '2020-06-01 17:30:03', 'CHECK'),
(1070, 4, 120, '2020-06-01 17:30:08', 'CHECK'),
(1071, 4, 120, '2020-06-01 17:30:14', 'CHECK'),
(1072, 4, 120, '2020-06-01 17:30:19', 'CHECK'),
(1073, 4, 120, '2020-06-01 17:30:24', 'CHECK'),
(1074, 4, 120, '2020-06-01 17:30:30', 'CHECK'),
(1075, 4, 120, '2020-06-01 17:30:35', 'CHECK'),
(1076, 4, 120, '2020-06-01 17:30:40', 'CHECK'),
(1077, 4, 120, '2020-06-01 17:30:45', 'CHECK'),
(1078, 4, 120, '2020-06-01 17:30:51', 'CHECK'),
(1079, 4, 120, '2020-06-01 17:30:56', 'CHECK'),
(1080, 4, 120, '2020-06-01 17:31:01', 'CHECK'),
(1081, 4, 120, '2020-06-01 17:31:06', 'CHECK'),
(1082, 4, 121, '2020-06-01 17:31:12', 'CHECK'),
(1083, 4, 121, '2020-06-01 17:31:17', 'CHECK'),
(1084, 4, 121, '2020-06-01 17:31:22', 'CHECK'),
(1085, 4, 121, '2020-06-01 17:31:28', 'CHECK'),
(1086, 4, 121, '2020-06-01 17:31:33', 'CHECK'),
(1087, 4, 121, '2020-06-01 17:31:38', 'CHECK'),
(1088, 4, 121, '2020-06-01 17:31:43', 'CHECK'),
(1089, 4, 121, '2020-06-01 17:31:49', 'CHECK'),
(1090, 4, 121, '2020-06-01 17:31:54', 'CHECK'),
(1091, 4, 121, '2020-06-01 17:31:59', 'CHECK'),
(1092, 4, 121, '2020-06-01 17:32:04', 'CHECK'),
(1093, 4, 121, '2020-06-01 17:32:10', 'CHECK'),
(1094, 4, 121, '2020-06-01 17:32:15', 'CHECK'),
(1095, 4, 121, '2020-06-01 17:32:20', 'CHECK'),
(1096, 4, 121, '2020-06-01 17:32:25', 'CHECK'),
(1097, 4, 121, '2020-06-01 17:32:31', 'CHECK'),
(1098, 4, 121, '2020-06-01 17:32:36', 'CHECK'),
(1099, 4, 122, '2020-06-01 17:32:41', 'CHECK'),
(1100, 4, 121, '2020-06-01 17:32:46', 'CHECK'),
(1101, 4, 122, '2020-06-01 17:32:52', 'CHECK'),
(1102, 4, 122, '2020-06-01 17:32:57', 'CHECK'),
(1103, 4, 122, '2020-06-01 17:33:02', 'CHECK'),
(1104, 4, 122, '2020-06-01 17:33:08', 'CHECK'),
(1105, 4, 122, '2020-06-01 17:33:13', 'CHECK'),
(1106, 4, 122, '2020-06-01 17:33:18', 'CHECK'),
(1107, 4, 122, '2020-06-01 17:33:23', 'CHECK'),
(1108, 4, 122, '2020-06-01 17:33:29', 'CHECK'),
(1109, 4, 122, '2020-06-01 17:33:34', 'CHECK'),
(1110, 4, 122, '2020-06-01 17:33:39', 'CHECK'),
(1111, 4, 122, '2020-06-01 17:33:44', 'CHECK'),
(1112, 4, 122, '2020-06-01 17:33:50', 'CHECK'),
(1113, 1, 290, '2020-06-01 17:33:50', 'REMOVE'),
(1114, 4, 122, '2020-06-01 17:33:55', 'CHECK'),
(1115, 4, 122, '2020-06-01 17:34:00', 'CHECK'),
(1116, 4, 123, '2020-06-01 17:34:05', 'CHECK'),
(1117, 4, 122, '2020-06-01 17:34:10', 'CHECK'),
(1118, 4, 123, '2020-06-01 17:34:15', 'CHECK'),
(1119, 4, 123, '2020-06-01 17:34:21', 'CHECK'),
(1120, 4, 122, '2020-06-01 17:34:26', 'CHECK'),
(1121, 4, 123, '2020-06-01 17:34:31', 'CHECK'),
(1122, 4, 123, '2020-06-01 17:34:36', 'CHECK'),
(1123, 4, 123, '2020-06-01 17:34:42', 'CHECK'),
(1124, 4, 123, '2020-06-01 17:34:47', 'CHECK'),
(1125, 4, 123, '2020-06-01 17:34:52', 'CHECK'),
(1126, 4, 123, '2020-06-01 17:34:57', 'CHECK'),
(1127, 4, 123, '2020-06-01 17:35:03', 'CHECK'),
(1128, 4, 123, '2020-06-01 17:35:08', 'CHECK'),
(1129, 4, 123, '2020-06-01 17:35:13', 'CHECK'),
(1130, 4, 123, '2020-06-01 17:35:19', 'CHECK'),
(1131, 4, 124, '2020-06-01 17:35:24', 'CHECK'),
(1132, 4, 124, '2020-06-01 17:35:29', 'CHECK'),
(1133, 4, 123, '2020-06-01 17:35:34', 'CHECK'),
(1134, 4, 124, '2020-06-01 17:35:40', 'CHECK'),
(1135, 4, 123, '2020-06-01 17:35:45', 'CHECK'),
(1136, 4, 123, '2020-06-01 17:35:50', 'CHECK'),
(1137, 4, 124, '2020-06-01 17:35:56', 'CHECK'),
(1138, 4, 124, '2020-06-01 17:36:01', 'CHECK'),
(1139, 4, 124, '2020-06-01 17:36:06', 'CHECK'),
(1140, 4, 124, '2020-06-01 17:36:11', 'CHECK');
INSERT INTO `tbl_metingen` (`IDmeting`, `device_id`, `hoeveelheid`, `meetdatum`, `actiecode`) VALUES
(1141, 4, 124, '2020-06-01 17:36:17', 'CHECK'),
(1142, 4, 124, '2020-06-01 17:36:22', 'CHECK'),
(1143, 4, 124, '2020-06-01 17:36:27', 'CHECK'),
(1144, 4, 125, '2020-06-01 17:36:32', 'CHECK'),
(1145, 4, 125, '2020-06-01 17:36:37', 'CHECK'),
(1146, 4, 125, '2020-06-01 17:36:42', 'CHECK'),
(1147, 4, 125, '2020-06-01 17:36:48', 'CHECK'),
(1148, 4, 125, '2020-06-01 17:36:53', 'CHECK'),
(1149, 4, 126, '2020-06-01 17:36:58', 'CHECK'),
(1150, 4, 126, '2020-06-01 17:37:03', 'CHECK'),
(1151, 4, 126, '2020-06-01 17:37:08', 'CHECK'),
(1152, 4, 126, '2020-06-01 17:37:14', 'CHECK'),
(1153, 4, 126, '2020-06-01 17:37:19', 'CHECK'),
(1154, 4, 127, '2020-06-01 17:37:24', 'CHECK'),
(1155, 4, 127, '2020-06-01 17:37:29', 'CHECK'),
(1156, 4, 127, '2020-06-01 17:37:35', 'CHECK'),
(1157, 4, 127, '2020-06-01 17:37:40', 'CHECK'),
(1158, 4, 127, '2020-06-01 17:37:45', 'CHECK'),
(1159, 4, 127, '2020-06-01 17:37:51', 'CHECK'),
(1160, 4, 127, '2020-06-01 17:37:56', 'CHECK'),
(1161, 4, 127, '2020-06-01 17:38:01', 'CHECK'),
(1162, 4, 128, '2020-06-01 17:38:06', 'CHECK'),
(1163, 4, 128, '2020-06-01 17:38:12', 'CHECK'),
(1164, 4, 128, '2020-06-01 17:38:17', 'CHECK'),
(1165, 4, 128, '2020-06-01 17:38:22', 'CHECK'),
(1166, 4, 129, '2020-06-01 17:38:27', 'CHECK'),
(1167, 4, 129, '2020-06-01 17:38:33', 'CHECK'),
(1168, 4, 129, '2020-06-01 17:38:38', 'CHECK'),
(1169, 4, 129, '2020-06-01 17:38:43', 'CHECK'),
(1170, 4, 130, '2020-06-01 17:38:48', 'CHECK'),
(1171, 4, 130, '2020-06-01 17:38:54', 'CHECK'),
(1172, 4, 130, '2020-06-01 17:38:59', 'CHECK'),
(1173, 4, 131, '2020-06-01 17:39:04', 'CHECK'),
(1174, 4, 131, '2020-06-01 17:39:09', 'CHECK'),
(1175, 4, 131, '2020-06-01 17:39:15', 'CHECK'),
(1176, 4, 131, '2020-06-01 17:39:20', 'CHECK'),
(1177, 4, 131, '2020-06-01 17:39:25', 'CHECK'),
(1178, 4, 132, '2020-06-01 17:39:30', 'CHECK'),
(1179, 4, 132, '2020-06-01 17:39:35', 'CHECK'),
(1180, 4, 132, '2020-06-01 17:39:40', 'CHECK'),
(1181, 4, 132, '2020-06-01 17:39:46', 'CHECK'),
(1182, 4, 132, '2020-06-01 17:39:51', 'CHECK'),
(1183, 4, 132, '2020-06-01 17:39:56', 'CHECK'),
(1184, 4, 132, '2020-06-01 17:40:01', 'CHECK'),
(1185, 4, 133, '2020-06-01 17:40:07', 'CHECK'),
(1186, 4, 133, '2020-06-01 17:40:12', 'CHECK'),
(1187, 4, 133, '2020-06-01 17:40:17', 'CHECK'),
(1188, 4, 133, '2020-06-01 17:40:22', 'CHECK'),
(1189, 4, 134, '2020-06-01 17:40:28', 'CHECK'),
(1190, 4, 134, '2020-06-01 17:40:33', 'CHECK'),
(1191, 4, 134, '2020-06-01 17:40:38', 'CHECK'),
(1192, 4, 134, '2020-06-01 17:40:43', 'CHECK'),
(1193, 4, 134, '2020-06-01 17:40:48', 'CHECK'),
(1194, 4, 134, '2020-06-01 17:40:54', 'CHECK'),
(1195, 4, 134, '2020-06-01 17:40:59', 'CHECK'),
(1196, 4, 134, '2020-06-01 17:41:04', 'CHECK'),
(1197, 4, 135, '2020-06-01 17:41:09', 'CHECK'),
(1198, 4, 135, '2020-06-01 17:41:15', 'CHECK'),
(1199, 4, 135, '2020-06-01 17:41:20', 'CHECK'),
(1200, 4, 135, '2020-06-01 17:41:25', 'CHECK'),
(1201, 4, 135, '2020-06-01 17:41:30', 'CHECK'),
(1202, 4, 136, '2020-06-01 17:41:35', 'CHECK'),
(1203, 4, 136, '2020-06-01 17:41:40', 'CHECK'),
(1204, 4, 136, '2020-06-01 17:41:46', 'CHECK'),
(1205, 4, 136, '2020-06-01 17:41:51', 'CHECK'),
(1206, 4, 136, '2020-06-01 17:41:56', 'CHECK'),
(1207, 4, 136, '2020-06-01 17:42:01', 'CHECK'),
(1208, 4, 136, '2020-06-01 17:42:06', 'CHECK'),
(1209, 4, 136, '2020-06-01 17:42:12', 'CHECK'),
(1210, 4, 137, '2020-06-01 17:42:17', 'CHECK'),
(1211, 4, 137, '2020-06-01 17:42:22', 'CHECK'),
(1212, 4, 137, '2020-06-01 17:42:28', 'CHECK'),
(1213, 4, 138, '2020-06-01 17:42:33', 'CHECK'),
(1214, 4, 138, '2020-06-01 17:42:38', 'CHECK'),
(1215, 4, 137, '2020-06-01 17:42:43', 'CHECK'),
(1216, 4, 138, '2020-06-01 17:42:49', 'CHECK'),
(1217, 4, 138, '2020-06-01 17:42:54', 'CHECK'),
(1218, 4, 138, '2020-06-01 17:42:59', 'CHECK'),
(1219, 4, 138, '2020-06-01 17:43:04', 'CHECK'),
(1220, 4, 138, '2020-06-01 17:43:10', 'CHECK'),
(1221, 4, 138, '2020-06-01 17:43:15', 'CHECK'),
(1222, 4, 138, '2020-06-01 17:43:20', 'CHECK'),
(1223, 4, 138, '2020-06-01 17:43:26', 'CHECK'),
(1224, 4, 138, '2020-06-01 17:43:31', 'CHECK'),
(1225, 4, 138, '2020-06-01 17:43:36', 'CHECK'),
(1226, 4, 139, '2020-06-01 17:43:41', 'CHECK'),
(1227, 4, 138, '2020-06-01 17:43:47', 'CHECK'),
(1228, 4, 139, '2020-06-01 17:43:52', 'CHECK'),
(1229, 4, 139, '2020-06-01 17:43:57', 'CHECK'),
(1230, 4, 139, '2020-06-01 17:44:02', 'CHECK'),
(1231, 4, 139, '2020-06-01 17:44:08', 'CHECK'),
(1232, 4, 139, '2020-06-01 17:44:13', 'CHECK'),
(1233, 4, 139, '2020-06-01 17:44:18', 'CHECK'),
(1234, 4, 139, '2020-06-01 17:44:24', 'CHECK'),
(1235, 4, 139, '2020-06-01 17:44:29', 'CHECK'),
(1236, 4, 139, '2020-06-01 17:44:34', 'CHECK'),
(1237, 4, 139, '2020-06-01 17:44:39', 'CHECK'),
(1238, 4, 139, '2020-06-01 17:44:44', 'CHECK'),
(1239, 4, 139, '2020-06-01 17:44:50', 'CHECK'),
(1240, 4, 139, '2020-06-01 17:44:55', 'CHECK'),
(1241, 4, 139, '2020-06-01 17:45:00', 'CHECK'),
(1242, 4, 139, '2020-06-01 17:45:05', 'CHECK'),
(1243, 4, 139, '2020-06-01 17:45:10', 'CHECK'),
(1244, 4, 139, '2020-06-01 17:45:16', 'CHECK'),
(1245, 4, 139, '2020-06-01 17:45:21', 'CHECK'),
(1246, 4, 139, '2020-06-01 17:45:26', 'CHECK'),
(1247, 4, 139, '2020-06-01 17:45:36', 'CHECK'),
(1248, 4, 139, '2020-06-01 17:45:41', 'CHECK'),
(1249, 4, 139, '2020-06-01 17:45:46', 'CHECK'),
(1250, 4, 139, '2020-06-01 17:45:52', 'CHECK'),
(1251, 4, 139, '2020-06-01 17:45:57', 'CHECK'),
(1252, 4, 139, '2020-06-01 17:46:02', 'CHECK'),
(1253, 4, 139, '2020-06-01 17:46:08', 'CHECK'),
(1254, 4, 139, '2020-06-01 17:46:13', 'CHECK'),
(1255, 4, 139, '2020-06-01 17:46:18', 'CHECK'),
(1256, 4, 139, '2020-06-01 17:46:23', 'CHECK'),
(1257, 4, 139, '2020-06-01 17:46:29', 'CHECK'),
(1258, 4, 138, '2020-06-01 17:46:34', 'CHECK'),
(1259, 4, 138, '2020-06-01 17:46:39', 'CHECK'),
(1260, 4, 138, '2020-06-01 17:46:44', 'CHECK'),
(1261, 4, 139, '2020-06-01 17:46:50', 'CHECK'),
(1262, 4, 138, '2020-06-01 17:46:55', 'CHECK'),
(1263, 4, 138, '2020-06-01 17:47:00', 'CHECK'),
(1264, 4, 139, '2020-06-01 17:47:06', 'CHECK'),
(1265, 4, 138, '2020-06-01 17:47:11', 'CHECK'),
(1266, 4, 139, '2020-06-01 17:47:16', 'CHECK'),
(1267, 4, 139, '2020-06-01 17:47:21', 'CHECK'),
(1268, 4, 138, '2020-06-01 17:47:27', 'CHECK'),
(1269, 4, 138, '2020-06-01 17:47:32', 'CHECK'),
(1270, 4, 138, '2020-06-01 17:47:37', 'CHECK'),
(1271, 4, 138, '2020-06-01 17:47:42', 'CHECK'),
(1272, 4, 138, '2020-06-01 17:47:48', 'CHECK'),
(1273, 4, 138, '2020-06-01 17:47:53', 'CHECK'),
(1274, 4, 138, '2020-06-01 17:47:58', 'CHECK'),
(1275, 4, 138, '2020-06-01 17:48:03', 'CHECK'),
(1276, 4, 138, '2020-06-01 17:48:09', 'CHECK'),
(1277, 4, 138, '2020-06-01 17:48:14', 'CHECK'),
(1278, 4, 138, '2020-06-01 17:48:19', 'CHECK'),
(1279, 4, 138, '2020-06-01 17:48:25', 'CHECK'),
(1280, 4, 138, '2020-06-01 17:48:30', 'CHECK'),
(1281, 4, 138, '2020-06-01 17:48:35', 'CHECK'),
(1282, 4, 138, '2020-06-01 17:48:40', 'CHECK'),
(1283, 4, 138, '2020-06-01 17:48:46', 'CHECK'),
(1284, 4, 138, '2020-06-01 17:48:51', 'CHECK'),
(1285, 4, 138, '2020-06-01 17:48:56', 'CHECK'),
(1286, 4, 138, '2020-06-01 17:49:01', 'CHECK'),
(1287, 4, 138, '2020-06-01 17:49:07', 'CHECK'),
(1288, 4, 146, '2020-06-01 17:49:12', 'CHECK'),
(1289, 4, 137, '2020-06-01 17:49:17', 'CHECK'),
(1290, 4, 137, '2020-06-01 17:49:23', 'CHECK'),
(1291, 4, 137, '2020-06-01 17:49:28', 'CHECK'),
(1292, 4, 137, '2020-06-01 17:49:33', 'CHECK'),
(1293, 4, 137, '2020-06-01 17:49:38', 'CHECK'),
(1294, 4, 137, '2020-06-01 17:49:44', 'CHECK'),
(1295, 4, 137, '2020-06-01 17:49:49', 'CHECK'),
(1296, 4, 137, '2020-06-01 17:49:54', 'CHECK'),
(1297, 4, 137, '2020-06-01 17:49:59', 'CHECK'),
(1298, 4, 137, '2020-06-01 17:50:05', 'CHECK'),
(1299, 4, 137, '2020-06-01 17:50:10', 'CHECK'),
(1300, 4, 137, '2020-06-01 17:50:15', 'CHECK'),
(1301, 4, 137, '2020-06-01 17:50:20', 'CHECK'),
(1302, 4, 137, '2020-06-01 17:50:26', 'CHECK'),
(1303, 4, 137, '2020-06-01 17:50:31', 'CHECK'),
(1304, 4, 137, '2020-06-01 17:50:36', 'CHECK'),
(1305, 4, 137, '2020-06-01 17:50:41', 'CHECK'),
(1306, 4, 137, '2020-06-01 17:50:46', 'CHECK'),
(1307, 1, 393, '2020-06-01 17:50:50', 'REMOVE'),
(1308, 1, 62, '2020-06-01 17:50:51', 'REMOVE'),
(1309, 4, 137, '2020-06-01 17:50:52', 'CHECK'),
(1310, 4, 137, '2020-06-01 17:50:57', 'CHECK'),
(1311, 4, 137, '2020-06-01 17:51:02', 'CHECK'),
(1312, 4, 137, '2020-06-01 17:51:07', 'CHECK'),
(1313, 4, 137, '2020-06-01 17:51:12', 'CHECK'),
(1314, 4, 137, '2020-06-01 17:51:18', 'CHECK'),
(1315, 4, 137, '2020-06-01 17:51:23', 'CHECK'),
(1316, 4, 137, '2020-06-01 17:51:28', 'CHECK'),
(1317, 4, 136, '2020-06-01 17:51:33', 'CHECK'),
(1318, 4, 136, '2020-06-01 17:51:39', 'CHECK'),
(1319, 4, 136, '2020-06-01 17:51:44', 'CHECK'),
(1320, 4, 136, '2020-06-01 17:51:49', 'CHECK'),
(1321, 4, 136, '2020-06-01 17:51:55', 'CHECK'),
(1322, 4, 136, '2020-06-01 17:52:00', 'CHECK'),
(1323, 4, 136, '2020-06-01 17:52:05', 'CHECK'),
(1324, 4, 136, '2020-06-01 17:52:10', 'CHECK'),
(1325, 4, 136, '2020-06-01 17:52:15', 'CHECK'),
(1326, 4, 136, '2020-06-01 17:52:20', 'CHECK'),
(1327, 4, 136, '2020-06-01 17:52:26', 'CHECK'),
(1328, 4, 136, '2020-06-01 17:52:31', 'CHECK'),
(1329, 4, 135, '2020-06-01 17:52:36', 'CHECK'),
(1330, 4, 135, '2020-06-01 17:52:41', 'CHECK'),
(1331, 4, 135, '2020-06-01 17:52:46', 'CHECK'),
(1332, 4, 135, '2020-06-01 17:52:52', 'CHECK'),
(1333, 4, 135, '2020-06-01 17:52:57', 'CHECK'),
(1334, 4, 135, '2020-06-01 17:53:02', 'CHECK'),
(1335, 4, 135, '2020-06-01 17:53:07', 'CHECK'),
(1336, 4, 135, '2020-06-01 17:53:13', 'CHECK'),
(1337, 4, 135, '2020-06-01 17:53:18', 'CHECK'),
(1338, 4, 135, '2020-06-01 17:53:23', 'CHECK'),
(1339, 4, 135, '2020-06-01 17:53:29', 'CHECK'),
(1340, 4, 135, '2020-06-01 17:53:34', 'CHECK'),
(1341, 4, 135, '2020-06-01 17:53:39', 'CHECK'),
(1342, 4, 135, '2020-06-01 17:53:44', 'CHECK'),
(1343, 4, 135, '2020-06-01 17:53:50', 'CHECK'),
(1344, 4, 135, '2020-06-01 17:53:55', 'CHECK'),
(1345, 4, 135, '2020-06-01 17:54:00', 'CHECK'),
(1346, 4, 135, '2020-06-01 17:54:05', 'CHECK'),
(1347, 4, 135, '2020-06-01 17:54:11', 'CHECK'),
(1348, 4, 135, '2020-06-01 17:54:16', 'CHECK'),
(1349, 4, 135, '2020-06-01 17:54:21', 'CHECK'),
(1350, 4, 135, '2020-06-01 17:54:27', 'CHECK'),
(1351, 4, 135, '2020-06-01 17:54:32', 'CHECK'),
(1352, 4, 135, '2020-06-01 17:54:37', 'CHECK'),
(1353, 4, 135, '2020-06-01 17:54:42', 'CHECK'),
(1354, 4, 135, '2020-06-01 17:54:48', 'CHECK'),
(1355, 4, 135, '2020-06-01 17:54:53', 'CHECK'),
(1356, 4, 135, '2020-06-01 17:54:58', 'CHECK'),
(1357, 4, 135, '2020-06-01 17:55:03', 'CHECK'),
(1358, 4, 135, '2020-06-01 17:55:09', 'CHECK'),
(1359, 4, 135, '2020-06-01 17:55:14', 'CHECK'),
(1360, 4, 135, '2020-06-01 17:55:19', 'CHECK'),
(1361, 4, 135, '2020-06-01 17:55:24', 'CHECK'),
(1362, 4, 135, '2020-06-01 17:55:30', 'CHECK'),
(1363, 4, 135, '2020-06-01 17:55:35', 'CHECK'),
(1364, 4, 135, '2020-06-01 17:55:40', 'CHECK'),
(1365, 4, 135, '2020-06-01 17:55:46', 'CHECK'),
(1366, 4, 135, '2020-06-01 17:55:51', 'CHECK'),
(1367, 4, 135, '2020-06-01 17:55:56', 'CHECK'),
(1368, 4, 135, '2020-06-01 17:56:01', 'CHECK'),
(1369, 4, 135, '2020-06-01 17:56:07', 'CHECK'),
(1370, 4, 135, '2020-06-01 17:56:12', 'CHECK'),
(1371, 4, 135, '2020-06-01 17:56:17', 'CHECK'),
(1372, 4, 135, '2020-06-01 17:56:22', 'CHECK'),
(1373, 4, 135, '2020-06-01 17:56:27', 'CHECK'),
(1374, 4, 135, '2020-06-01 17:56:33', 'CHECK'),
(1375, 4, 135, '2020-06-01 17:56:38', 'CHECK'),
(1376, 4, 135, '2020-06-01 17:56:43', 'CHECK'),
(1377, 4, 136, '2020-06-01 17:56:48', 'CHECK'),
(1378, 4, 136, '2020-06-01 17:56:53', 'CHECK'),
(1379, 4, 136, '2020-06-01 17:56:58', 'CHECK'),
(1380, 4, 136, '2020-06-01 17:57:04', 'CHECK'),
(1381, 4, 136, '2020-06-01 17:57:09', 'CHECK'),
(1382, 4, 136, '2020-06-01 17:57:14', 'CHECK'),
(1383, 4, 136, '2020-06-01 17:57:19', 'CHECK'),
(1384, 4, 136, '2020-06-01 17:57:25', 'CHECK'),
(1385, 4, 136, '2020-06-01 17:57:30', 'CHECK'),
(1386, 4, 136, '2020-06-01 17:57:35', 'CHECK'),
(1387, 4, 136, '2020-06-01 17:57:41', 'CHECK'),
(1388, 4, 136, '2020-06-01 17:57:46', 'CHECK'),
(1389, 4, 136, '2020-06-01 17:57:51', 'CHECK'),
(1390, 4, 136, '2020-06-01 17:57:56', 'CHECK'),
(1391, 4, 136, '2020-06-01 17:58:02', 'CHECK'),
(1392, 4, 136, '2020-06-01 17:58:07', 'CHECK'),
(1393, 4, 136, '2020-06-01 17:58:12', 'CHECK'),
(1394, 4, 136, '2020-06-01 17:58:17', 'CHECK'),
(1395, 4, 136, '2020-06-01 17:58:23', 'CHECK'),
(1396, 4, 135, '2020-06-01 17:58:28', 'CHECK'),
(1397, 4, 135, '2020-06-01 17:58:33', 'CHECK'),
(1398, 1, 31, '2020-06-01 17:58:37', 'REMOVE'),
(1399, 4, 135, '2020-06-01 17:58:39', 'CHECK'),
(1400, 1, 72, '2020-06-01 17:58:39', 'REMOVE'),
(1401, 1, 50, '2020-06-01 17:58:40', 'REMOVE'),
(1402, 1, 89, '2020-06-01 17:58:42', 'REMOVE'),
(1403, 1, 187, '2020-06-01 17:58:43', 'REMOVE'),
(1404, 4, 135, '2020-06-01 17:58:44', 'CHECK'),
(1405, 4, 136, '2020-06-01 17:58:49', 'CHECK'),
(1406, 4, 135, '2020-06-01 17:58:54', 'CHECK'),
(1407, 4, 135, '2020-06-01 17:58:59', 'CHECK'),
(1408, 1, 276, '2020-06-01 17:59:03', 'REMOVE'),
(1409, 4, 135, '2020-06-01 17:59:04', 'CHECK'),
(1410, 4, 135, '2020-06-01 17:59:10', 'CHECK'),
(1411, 4, 135, '2020-06-01 17:59:15', 'CHECK'),
(1412, 4, 135, '2020-06-01 17:59:29', 'CHECK'),
(1413, 4, 135, '2020-06-01 17:59:35', 'CHECK'),
(1414, 4, 135, '2020-06-01 17:59:40', 'CHECK'),
(1415, 4, 135, '2020-06-01 17:59:45', 'CHECK'),
(1416, 4, 135, '2020-06-01 17:59:50', 'CHECK'),
(1417, 4, 135, '2020-06-01 17:59:56', 'CHECK'),
(1418, 4, 135, '2020-06-01 18:00:01', 'CHECK'),
(1419, 4, 135, '2020-06-01 18:00:06', 'CHECK'),
(1420, 4, 135, '2020-06-01 18:00:12', 'CHECK'),
(1421, 4, 134, '2020-06-01 18:00:17', 'CHECK'),
(1422, 4, 135, '2020-06-01 18:00:22', 'CHECK'),
(1423, 4, 134, '2020-06-01 18:00:27', 'CHECK'),
(1424, 4, 135, '2020-06-01 18:00:33', 'CHECK'),
(1425, 4, 134, '2020-06-01 18:00:38', 'CHECK'),
(1426, 4, 135, '2020-06-01 18:00:43', 'CHECK'),
(1427, 4, 134, '2020-06-01 18:00:48', 'CHECK'),
(1428, 4, 134, '2020-06-01 18:00:54', 'CHECK'),
(1429, 4, 134, '2020-06-01 18:00:59', 'CHECK'),
(1430, 4, 134, '2020-06-01 18:01:04', 'CHECK'),
(1431, 4, 134, '2020-06-01 18:01:09', 'CHECK'),
(1432, 4, 135, '2020-06-01 18:01:15', 'CHECK'),
(1433, 4, 135, '2020-06-01 18:01:20', 'CHECK'),
(1434, 4, 134, '2020-06-01 18:01:25', 'CHECK'),
(1435, 4, 135, '2020-06-01 18:01:31', 'CHECK'),
(1436, 4, 134, '2020-06-01 18:01:36', 'CHECK'),
(1437, 4, 134, '2020-06-01 18:01:41', 'CHECK'),
(1438, 4, 134, '2020-06-01 18:01:46', 'CHECK'),
(1439, 4, 134, '2020-06-01 18:01:52', 'CHECK'),
(1440, 4, 134, '2020-06-01 18:01:57', 'CHECK'),
(1441, 4, 134, '2020-06-01 18:02:02', 'CHECK'),
(1442, 4, 134, '2020-06-01 18:02:07', 'CHECK'),
(1443, 4, 134, '2020-06-01 18:02:13', 'CHECK'),
(1444, 4, 134, '2020-06-01 18:02:18', 'CHECK'),
(1445, 4, 134, '2020-06-01 18:02:23', 'CHECK'),
(1446, 4, 134, '2020-06-01 18:02:29', 'CHECK'),
(1447, 4, 134, '2020-06-01 18:02:34', 'CHECK'),
(1448, 4, 134, '2020-06-01 18:02:39', 'CHECK'),
(1449, 4, 134, '2020-06-01 18:02:44', 'CHECK'),
(1450, 4, 134, '2020-06-01 18:02:49', 'CHECK'),
(1451, 4, 134, '2020-06-01 18:02:55', 'CHECK'),
(1452, 4, 134, '2020-06-01 18:03:00', 'CHECK'),
(1453, 4, 134, '2020-06-01 18:03:05', 'CHECK'),
(1454, 4, 134, '2020-06-01 18:03:10', 'CHECK'),
(1455, 4, 134, '2020-06-01 18:03:15', 'CHECK'),
(1456, 4, 133, '2020-06-01 18:03:20', 'CHECK'),
(1457, 4, 133, '2020-06-01 18:03:26', 'CHECK'),
(1458, 4, 133, '2020-06-01 18:03:31', 'CHECK'),
(1459, 4, 133, '2020-06-01 18:03:36', 'CHECK'),
(1460, 4, 133, '2020-06-01 18:03:41', 'CHECK'),
(1461, 4, 133, '2020-06-01 18:03:47', 'CHECK'),
(1462, 4, 133, '2020-06-01 18:03:52', 'CHECK'),
(1463, 4, 133, '2020-06-01 18:03:57', 'CHECK'),
(1464, 4, 133, '2020-06-01 18:04:03', 'CHECK'),
(1465, 4, 133, '2020-06-01 18:04:08', 'CHECK'),
(1466, 4, 133, '2020-06-01 18:04:13', 'CHECK'),
(1467, 4, 133, '2020-06-01 18:04:18', 'CHECK'),
(1468, 4, 133, '2020-06-01 18:04:24', 'CHECK'),
(1469, 4, 133, '2020-06-01 18:04:29', 'CHECK'),
(1470, 4, 133, '2020-06-01 18:04:34', 'CHECK'),
(1471, 4, 132, '2020-06-01 18:04:39', 'CHECK'),
(1472, 4, 132, '2020-06-01 18:04:44', 'CHECK'),
(1473, 4, 132, '2020-06-01 18:04:50', 'CHECK'),
(1474, 4, 132, '2020-06-01 18:04:55', 'CHECK'),
(1475, 4, 132, '2020-06-01 18:05:00', 'CHECK'),
(1476, 4, 132, '2020-06-01 18:05:05', 'CHECK'),
(1477, 4, 132, '2020-06-01 18:05:10', 'CHECK'),
(1478, 4, 132, '2020-06-01 18:05:16', 'CHECK'),
(1479, 4, 132, '2020-06-01 18:05:21', 'CHECK'),
(1480, 4, 132, '2020-06-01 18:05:26', 'CHECK'),
(1481, 4, 132, '2020-06-01 18:05:31', 'CHECK'),
(1482, 4, 131, '2020-06-01 18:05:36', 'CHECK'),
(1483, 4, 131, '2020-06-01 18:05:42', 'CHECK'),
(1484, 4, 131, '2020-06-01 18:05:47', 'CHECK'),
(1485, 4, 235, '2020-06-02 10:35:44', 'CHECK'),
(1486, 4, 234, '2020-06-02 10:35:49', 'CHECK'),
(1487, 1, 49, '2020-06-02 10:35:51', 'REMOVE'),
(1488, 4, 235, '2020-06-02 10:35:54', 'CHECK'),
(1489, 4, 235, '2020-06-02 10:36:00', 'CHECK'),
(1490, 4, 234, '2020-06-02 10:36:05', 'CHECK'),
(1491, 4, 234, '2020-06-02 10:36:10', 'CHECK'),
(1492, 4, 235, '2020-06-02 10:36:15', 'CHECK'),
(1493, 4, 235, '2020-06-02 10:36:21', 'CHECK'),
(1494, 4, 235, '2020-06-02 10:36:26', 'CHECK'),
(1495, 4, 235, '2020-06-02 10:36:31', 'CHECK'),
(1496, 4, 235, '2020-06-02 10:36:36', 'CHECK'),
(1497, 4, 235, '2020-06-02 10:36:41', 'CHECK'),
(1498, 4, 236, '2020-06-02 10:36:46', 'CHECK'),
(1499, 4, 235, '2020-06-02 10:36:52', 'CHECK'),
(1500, 4, 236, '2020-06-02 10:36:57', 'CHECK'),
(1501, 5, 0, '2020-06-02 10:36:58', 'ON'),
(1502, 5, 0, '2020-06-02 10:36:59', 'ON'),
(1503, 5, 0, '2020-06-02 10:37:00', 'ON'),
(1504, 5, 0, '2020-06-02 10:37:01', 'ON'),
(1505, 4, 287, '2020-06-02 10:37:02', 'CHECK'),
(1506, 5, 0, '2020-06-02 10:37:03', 'ON'),
(1507, 5, 0, '2020-06-02 10:37:04', 'ON'),
(1508, 5, 0, '2020-06-02 10:37:05', 'ON'),
(1509, 5, 0, '2020-06-02 10:37:06', 'ON'),
(1510, 4, 266, '2020-06-02 10:37:07', 'CHECK'),
(1511, 5, 0, '2020-06-02 10:37:07', 'ON'),
(1512, 5, 0, '2020-06-02 10:37:09', 'ON'),
(1513, 5, 0, '2020-06-02 10:37:10', 'ON'),
(1514, 5, 0, '2020-06-02 10:37:11', 'ON'),
(1515, 5, 0, '2020-06-02 10:37:12', 'ON'),
(1516, 4, 246, '2020-06-02 10:37:12', 'CHECK'),
(1517, 5, 0, '2020-06-02 10:37:14', 'ON'),
(1518, 5, 0, '2020-06-02 10:37:15', 'ON'),
(1519, 5, 0, '2020-06-02 10:37:16', 'ON'),
(1520, 5, 0, '2020-06-02 10:37:17', 'ON'),
(1521, 4, 244, '2020-06-02 10:37:18', 'CHECK'),
(1522, 5, 0, '2020-06-02 10:37:19', 'ON'),
(1523, 5, 0, '2020-06-02 10:37:20', 'ON'),
(1524, 5, 0, '2020-06-02 10:37:21', 'ON'),
(1525, 5, 0, '2020-06-02 10:37:22', 'ON'),
(1526, 4, 262, '2020-06-02 10:37:23', 'CHECK'),
(1527, 5, 0, '2020-06-02 10:37:23', 'ON'),
(1528, 5, 0, '2020-06-02 10:37:24', 'ON'),
(1529, 5, 0, '2020-06-02 10:37:26', 'ON'),
(1530, 5, 0, '2020-06-02 10:37:27', 'ON'),
(1531, 5, 0, '2020-06-02 10:37:28', 'ON'),
(1532, 4, 246, '2020-06-02 10:37:28', 'CHECK'),
(1533, 5, 0, '2020-06-02 10:37:30', 'ON'),
(1534, 5, 0, '2020-06-02 10:37:31', 'ON'),
(1535, 5, 0, '2020-06-02 10:37:32', 'ON'),
(1536, 5, 0, '2020-06-02 10:37:33', 'ON'),
(1537, 4, 235, '2020-06-02 10:37:34', 'CHECK'),
(1538, 5, 0, '2020-06-02 10:37:35', 'ON'),
(1539, 5, 0, '2020-06-02 10:37:36', 'ON'),
(1540, 5, 0, '2020-06-02 10:37:37', 'ON'),
(1541, 5, 0, '2020-06-02 10:37:39', 'ON'),
(1542, 4, 236, '2020-06-02 10:37:39', 'CHECK'),
(1543, 5, 0, '2020-06-02 10:37:40', 'ON'),
(1544, 5, 0, '2020-06-02 10:37:41', 'ON'),
(1545, 5, 0, '2020-06-02 10:37:42', 'ON'),
(1546, 5, 0, '2020-06-02 10:37:44', 'OFF'),
(1547, 1, 10, '2020-06-02 10:37:44', 'ADD'),
(1548, 4, 233, '2020-06-02 10:37:44', 'CHECK'),
(1549, 1, 10, '2020-06-02 10:37:44', 'ADD'),
(1550, 1, 82, '2020-06-02 10:37:46', 'REMOVE'),
(1551, 4, 232, '2020-06-02 10:37:49', 'CHECK'),
(1552, 4, 236, '2020-06-02 10:40:25', 'CHECK'),
(1553, 4, 236, '2020-06-02 10:40:30', 'CHECK'),
(1554, 4, 304, '2020-06-02 10:40:35', 'CHECK'),
(1555, 1, 3, '2020-06-02 10:40:37', 'ADD'),
(1556, 4, 234, '2020-06-02 10:40:40', 'CHECK'),
(1557, 4, 234, '2020-06-02 10:40:55', 'CHECK'),
(1558, 4, 235, '2020-06-02 10:41:00', 'CHECK'),
(1559, 5, 0, '2020-06-02 10:41:01', 'ON'),
(1560, 5, 0, '2020-06-02 10:41:02', 'ON'),
(1561, 5, 0, '2020-06-02 10:41:04', 'ON'),
(1562, 5, 0, '2020-06-02 10:41:05', 'ON'),
(1563, 4, 235, '2020-06-02 10:41:05', 'CHECK'),
(1564, 5, 0, '2020-06-02 10:41:06', 'OFF'),
(1565, 1, 15, '2020-06-02 10:41:07', 'REMOVE'),
(1566, 1, 14, '2020-06-02 10:41:07', 'ADD'),
(1567, 1, 79, '2020-06-02 10:41:08', 'REMOVE'),
(1568, 4, 238, '2020-06-02 10:41:10', 'CHECK'),
(1569, 4, 235, '2020-06-02 10:41:16', 'CHECK'),
(1570, 4, 238, '2020-06-02 10:41:21', 'CHECK'),
(1571, 4, 241, '2020-06-02 10:41:26', 'CHECK'),
(1572, 4, 240, '2020-06-02 10:41:31', 'CHECK'),
(1573, 4, 240, '2020-06-02 10:41:36', 'CHECK'),
(1574, 4, 241, '2020-06-02 10:41:41', 'CHECK'),
(1575, 4, 241, '2020-06-02 10:41:47', 'CHECK'),
(1576, 4, 662, '2020-06-03 12:16:30', 'CHECK'),
(1577, 4, 342, '2020-06-03 12:16:36', 'CHECK'),
(1578, 4, 346, '2020-06-03 12:16:41', 'CHECK'),
(1579, 4, 352, '2020-06-03 12:16:46', 'CHECK'),
(1580, 4, 357, '2020-06-03 12:16:51', 'CHECK'),
(1581, 4, 360, '2020-06-03 12:16:57', 'CHECK'),
(1582, 4, 364, '2020-06-03 12:17:02', 'CHECK'),
(1583, 4, 369, '2020-06-03 12:17:07', 'CHECK'),
(1584, 4, 371, '2020-06-03 12:17:12', 'CHECK'),
(1585, 4, 372, '2020-06-03 12:17:18', 'CHECK'),
(1586, 4, 374, '2020-06-03 12:17:23', 'CHECK'),
(1587, 4, 376, '2020-06-03 12:17:28', 'CHECK'),
(1588, 4, 377, '2020-06-03 12:17:33', 'CHECK'),
(1589, 4, 375, '2020-06-03 12:17:38', 'CHECK'),
(1590, 4, 376, '2020-06-03 12:17:43', 'CHECK'),
(1591, 4, 375, '2020-06-03 12:17:49', 'CHECK'),
(1592, 4, 374, '2020-06-03 12:17:54', 'CHECK'),
(1593, 4, 373, '2020-06-03 12:17:59', 'CHECK'),
(1594, 4, 371, '2020-06-03 12:18:04', 'CHECK'),
(1595, 4, 371, '2020-06-03 12:18:10', 'CHECK'),
(1596, 4, 371, '2020-06-03 12:18:15', 'CHECK'),
(1597, 4, 372, '2020-06-03 12:18:20', 'CHECK'),
(1598, 4, 371, '2020-06-03 12:18:25', 'CHECK'),
(1599, 4, 370, '2020-06-03 12:18:30', 'CHECK'),
(1600, 4, 368, '2020-06-03 12:18:35', 'CHECK'),
(1601, 4, 366, '2020-06-03 12:18:41', 'CHECK'),
(1602, 4, 366, '2020-06-03 12:18:46', 'CHECK'),
(1603, 4, 366, '2020-06-03 12:18:51', 'CHECK'),
(1604, 4, 366, '2020-06-03 12:18:56', 'CHECK'),
(1605, 4, 365, '2020-06-03 12:19:01', 'CHECK'),
(1606, 4, 366, '2020-06-03 12:19:07', 'CHECK'),
(1607, 4, 368, '2020-06-03 12:19:12', 'CHECK'),
(1608, 4, 368, '2020-06-03 12:19:17', 'CHECK'),
(1609, 4, 368, '2020-06-03 12:19:22', 'CHECK'),
(1610, 4, 366, '2020-06-03 12:19:27', 'CHECK'),
(1611, 4, 365, '2020-06-03 12:19:33', 'CHECK'),
(1612, 4, 366, '2020-06-03 12:19:38', 'CHECK'),
(1613, 4, 367, '2020-06-03 12:19:43', 'CHECK'),
(1614, 4, 366, '2020-06-03 12:19:48', 'CHECK'),
(1615, 4, 365, '2020-06-03 12:19:53', 'CHECK'),
(1616, 4, 365, '2020-06-03 12:19:59', 'CHECK'),
(1617, 4, 363, '2020-06-03 12:20:04', 'CHECK'),
(1618, 4, 364, '2020-06-03 12:20:09', 'CHECK'),
(1619, 4, 364, '2020-06-03 12:20:14', 'CHECK'),
(1620, 4, 365, '2020-06-03 12:20:19', 'CHECK'),
(1621, 4, 364, '2020-06-03 12:20:25', 'CHECK'),
(1622, 4, 365, '2020-06-03 12:20:30', 'CHECK'),
(1623, 4, 364, '2020-06-03 12:20:35', 'CHECK'),
(1624, 4, 363, '2020-06-03 12:20:40', 'CHECK'),
(1625, 4, 364, '2020-06-03 12:20:45', 'CHECK'),
(1626, 4, 365, '2020-06-03 12:20:51', 'CHECK'),
(1627, 4, 365, '2020-06-03 12:20:56', 'CHECK'),
(1628, 4, 365, '2020-06-03 12:21:01', 'CHECK'),
(1629, 4, 364, '2020-06-03 12:21:06', 'CHECK'),
(1630, 4, 365, '2020-06-03 12:21:11', 'CHECK'),
(1631, 4, 365, '2020-06-03 12:21:17', 'CHECK'),
(1632, 4, 363, '2020-06-03 12:21:22', 'CHECK'),
(1633, 4, 363, '2020-06-03 12:21:27', 'CHECK'),
(1634, 4, 364, '2020-06-03 12:21:32', 'CHECK'),
(1635, 4, 361, '2020-06-03 12:21:37', 'CHECK'),
(1636, 4, 363, '2020-06-03 12:21:43', 'CHECK'),
(1637, 4, 362, '2020-06-03 12:21:48', 'CHECK'),
(1638, 4, 360, '2020-06-03 12:21:53', 'CHECK'),
(1639, 4, 360, '2020-06-03 12:21:58', 'CHECK'),
(1640, 4, 361, '2020-06-03 12:22:03', 'CHECK'),
(1641, 4, 363, '2020-06-03 12:22:09', 'CHECK'),
(1642, 4, 362, '2020-06-03 12:22:14', 'CHECK'),
(1643, 4, 361, '2020-06-03 12:22:19', 'CHECK'),
(1644, 4, 362, '2020-06-03 12:22:24', 'CHECK'),
(1645, 4, 363, '2020-06-03 12:22:29', 'CHECK'),
(1646, 4, 361, '2020-06-03 12:22:35', 'CHECK'),
(1647, 4, 360, '2020-06-03 12:22:40', 'CHECK'),
(1648, 4, 359, '2020-06-03 12:22:45', 'CHECK'),
(1649, 4, 360, '2020-06-03 12:22:50', 'CHECK'),
(1650, 4, 362, '2020-06-03 12:22:55', 'CHECK'),
(1651, 4, 360, '2020-06-03 12:23:01', 'CHECK'),
(1652, 4, 359, '2020-06-03 12:23:06', 'CHECK'),
(1653, 4, 359, '2020-06-03 12:23:11', 'CHECK'),
(1654, 4, 359, '2020-06-03 12:23:16', 'CHECK'),
(1655, 4, 358, '2020-06-03 12:23:22', 'CHECK'),
(1656, 4, 358, '2020-06-03 12:23:27', 'CHECK'),
(1657, 4, 358, '2020-06-03 12:23:32', 'CHECK'),
(1658, 4, 358, '2020-06-03 12:23:37', 'CHECK'),
(1659, 4, 357, '2020-06-03 12:23:42', 'CHECK'),
(1660, 4, 358, '2020-06-03 12:23:48', 'CHECK'),
(1661, 4, 358, '2020-06-03 12:23:53', 'CHECK'),
(1662, 4, 357, '2020-06-03 12:23:58', 'CHECK'),
(1663, 4, 358, '2020-06-03 12:24:03', 'CHECK'),
(1664, 4, 358, '2020-06-03 12:24:08', 'CHECK'),
(1665, 4, 359, '2020-06-03 12:24:14', 'CHECK'),
(1666, 4, 359, '2020-06-03 12:24:19', 'CHECK'),
(1667, 4, 359, '2020-06-03 12:24:24', 'CHECK'),
(1668, 4, 360, '2020-06-03 12:24:29', 'CHECK'),
(1669, 4, 362, '2020-06-03 12:24:34', 'CHECK'),
(1670, 4, 362, '2020-06-03 12:24:40', 'CHECK'),
(1671, 4, 361, '2020-06-03 12:24:45', 'CHECK'),
(1672, 4, 361, '2020-06-03 12:24:50', 'CHECK'),
(1673, 4, 361, '2020-06-03 12:24:55', 'CHECK'),
(1674, 4, 362, '2020-06-03 12:25:00', 'CHECK'),
(1675, 4, 362, '2020-06-03 12:25:06', 'CHECK'),
(1676, 4, 361, '2020-06-03 12:25:11', 'CHECK'),
(1677, 4, 361, '2020-06-03 12:25:16', 'CHECK'),
(1678, 4, 360, '2020-06-03 12:25:21', 'CHECK'),
(1679, 4, 360, '2020-06-03 12:25:26', 'CHECK'),
(1680, 4, 359, '2020-06-03 12:25:32', 'CHECK'),
(1681, 4, 355, '2020-06-03 12:25:37', 'CHECK'),
(1682, 4, 355, '2020-06-03 12:25:42', 'CHECK'),
(1683, 4, 353, '2020-06-03 12:25:47', 'CHECK'),
(1684, 4, 353, '2020-06-03 12:25:52', 'CHECK'),
(1685, 4, 353, '2020-06-03 12:25:58', 'CHECK'),
(1686, 4, 353, '2020-06-03 12:26:03', 'CHECK'),
(1687, 4, 353, '2020-06-03 12:26:08', 'CHECK'),
(1688, 4, 354, '2020-06-03 12:26:13', 'CHECK'),
(1689, 4, 357, '2020-06-03 12:26:18', 'CHECK'),
(1690, 4, 360, '2020-06-03 12:26:24', 'CHECK'),
(1691, 4, 360, '2020-06-03 12:26:29', 'CHECK'),
(1692, 4, 360, '2020-06-03 12:26:34', 'CHECK'),
(1693, 4, 359, '2020-06-03 12:26:39', 'CHECK'),
(1694, 4, 357, '2020-06-03 12:26:44', 'CHECK'),
(1695, 4, 361, '2020-06-03 12:26:50', 'CHECK'),
(1696, 4, 360, '2020-06-03 12:26:55', 'CHECK'),
(1697, 4, 360, '2020-06-03 12:27:00', 'CHECK'),
(1698, 4, 359, '2020-06-03 12:27:05', 'CHECK'),
(1699, 4, 359, '2020-06-03 12:27:10', 'CHECK'),
(1700, 4, 358, '2020-06-03 12:27:16', 'CHECK'),
(1701, 4, 358, '2020-06-03 12:27:21', 'CHECK'),
(1702, 4, 359, '2020-06-03 12:27:26', 'CHECK'),
(1703, 4, 360, '2020-06-03 12:27:31', 'CHECK'),
(1704, 4, 362, '2020-06-03 12:27:36', 'CHECK'),
(1705, 4, 361, '2020-06-03 12:27:42', 'CHECK'),
(1706, 4, 362, '2020-06-03 12:27:47', 'CHECK'),
(1707, 4, 360, '2020-06-03 12:27:52', 'CHECK'),
(1708, 4, 359, '2020-06-03 12:27:57', 'CHECK'),
(1709, 4, 361, '2020-06-03 12:28:03', 'CHECK'),
(1710, 4, 361, '2020-06-03 12:28:08', 'CHECK'),
(1711, 4, 363, '2020-06-03 12:28:13', 'CHECK'),
(1712, 4, 363, '2020-06-03 12:28:18', 'CHECK'),
(1713, 4, 363, '2020-06-03 12:28:23', 'CHECK'),
(1714, 4, 364, '2020-06-03 12:28:29', 'CHECK'),
(1715, 4, 364, '2020-06-03 12:28:34', 'CHECK'),
(1716, 4, 364, '2020-06-03 12:28:39', 'CHECK'),
(1717, 4, 367, '2020-06-03 12:28:44', 'CHECK'),
(1718, 4, 365, '2020-06-03 12:28:49', 'CHECK'),
(1719, 4, 367, '2020-06-03 12:28:55', 'CHECK'),
(1720, 4, 368, '2020-06-03 12:29:00', 'CHECK'),
(1721, 4, 368, '2020-06-03 12:29:05', 'CHECK'),
(1722, 4, 368, '2020-06-03 12:29:10', 'CHECK'),
(1723, 4, 369, '2020-06-03 12:29:15', 'CHECK'),
(1724, 4, 367, '2020-06-03 12:29:21', 'CHECK'),
(1725, 4, 366, '2020-06-03 12:29:26', 'CHECK'),
(1726, 4, 367, '2020-06-03 12:29:31', 'CHECK'),
(1727, 4, 367, '2020-06-03 12:29:36', 'CHECK'),
(1728, 4, 368, '2020-06-03 12:29:41', 'CHECK'),
(1729, 4, 367, '2020-06-03 12:29:47', 'CHECK'),
(1730, 4, 368, '2020-06-03 12:29:52', 'CHECK'),
(1731, 4, 368, '2020-06-03 12:29:57', 'CHECK'),
(1732, 4, 368, '2020-06-03 12:30:02', 'CHECK'),
(1733, 4, 369, '2020-06-03 12:30:07', 'CHECK'),
(1734, 4, 370, '2020-06-03 12:30:13', 'CHECK'),
(1735, 4, 370, '2020-06-03 12:30:18', 'CHECK'),
(1736, 4, 369, '2020-06-03 12:30:23', 'CHECK'),
(1737, 4, 367, '2020-06-03 12:30:28', 'CHECK'),
(1738, 4, 368, '2020-06-03 12:30:33', 'CHECK'),
(1739, 4, 368, '2020-06-03 12:30:39', 'CHECK'),
(1740, 4, 369, '2020-06-03 12:30:44', 'CHECK'),
(1741, 4, 369, '2020-06-03 12:30:49', 'CHECK'),
(1742, 4, 371, '2020-06-03 12:30:54', 'CHECK'),
(1743, 4, 371, '2020-06-03 12:30:59', 'CHECK'),
(1744, 4, 371, '2020-06-03 12:31:05', 'CHECK'),
(1745, 4, 373, '2020-06-03 12:31:10', 'CHECK'),
(1746, 4, 372, '2020-06-03 12:31:15', 'CHECK'),
(1747, 4, 373, '2020-06-03 12:31:20', 'CHECK'),
(1748, 4, 370, '2020-06-03 12:31:25', 'CHECK'),
(1749, 4, 370, '2020-06-03 12:31:31', 'CHECK'),
(1750, 4, 371, '2020-06-03 12:31:36', 'CHECK'),
(1751, 4, 370, '2020-06-03 12:31:41', 'CHECK'),
(1752, 4, 370, '2020-06-03 12:31:46', 'CHECK'),
(1753, 4, 369, '2020-06-03 12:31:51', 'CHECK'),
(1754, 4, 369, '2020-06-03 12:31:57', 'CHECK'),
(1755, 4, 368, '2020-06-03 12:32:02', 'CHECK'),
(1756, 4, 369, '2020-06-03 12:32:07', 'CHECK'),
(1757, 4, 368, '2020-06-03 12:32:12', 'CHECK'),
(1758, 4, 367, '2020-06-03 12:32:17', 'CHECK'),
(1759, 4, 369, '2020-06-03 12:32:22', 'CHECK'),
(1760, 4, 367, '2020-06-03 12:32:28', 'CHECK'),
(1761, 4, 367, '2020-06-03 12:32:33', 'CHECK'),
(1762, 4, 366, '2020-06-03 12:32:38', 'CHECK'),
(1763, 4, 367, '2020-06-03 12:32:43', 'CHECK'),
(1764, 4, 366, '2020-06-03 12:32:48', 'CHECK'),
(1765, 4, 366, '2020-06-03 12:32:54', 'CHECK'),
(1766, 4, 365, '2020-06-03 12:32:59', 'CHECK'),
(1767, 4, 363, '2020-06-03 12:33:04', 'CHECK'),
(1768, 4, 88, '2020-06-03 13:42:46', 'CHECK'),
(1769, 4, 88, '2020-06-03 13:42:52', 'CHECK'),
(1770, 4, 88, '2020-06-03 13:42:57', 'CHECK'),
(1771, 4, 88, '2020-06-03 13:43:02', 'CHECK'),
(1772, 4, 88, '2020-06-03 13:43:07', 'CHECK'),
(1773, 4, 88, '2020-06-03 13:43:13', 'CHECK'),
(1774, 4, 88, '2020-06-03 13:43:18', 'CHECK'),
(1775, 4, 88, '2020-06-03 13:43:23', 'CHECK'),
(1776, 4, 88, '2020-06-03 13:43:28', 'CHECK'),
(1777, 4, 88, '2020-06-03 13:43:34', 'CHECK'),
(1778, 4, 88, '2020-06-03 13:43:39', 'CHECK'),
(1779, 4, 89, '2020-06-03 13:43:44', 'CHECK'),
(1780, 4, 89, '2020-06-03 13:43:50', 'CHECK'),
(1781, 4, 89, '2020-06-03 13:43:55', 'CHECK'),
(1782, 4, 89, '2020-06-03 13:44:00', 'CHECK'),
(1783, 4, 89, '2020-06-03 13:44:05', 'CHECK'),
(1784, 4, 89, '2020-06-03 13:44:10', 'CHECK'),
(1785, 4, 89, '2020-06-03 13:44:16', 'CHECK'),
(1786, 4, 89, '2020-06-03 13:44:21', 'CHECK'),
(1787, 4, 89, '2020-06-03 13:44:26', 'CHECK'),
(1788, 4, 89, '2020-06-03 13:44:31', 'CHECK'),
(1789, 4, 89, '2020-06-03 13:44:37', 'CHECK'),
(1790, 4, 89, '2020-06-03 13:44:42', 'CHECK'),
(1791, 4, 89, '2020-06-03 13:44:47', 'CHECK'),
(1792, 4, 89, '2020-06-03 13:44:53', 'CHECK'),
(1793, 4, 89, '2020-06-03 13:44:58', 'CHECK'),
(1794, 4, 89, '2020-06-03 13:45:03', 'CHECK'),
(1795, 4, 89, '2020-06-03 13:45:08', 'CHECK'),
(1796, 4, 89, '2020-06-03 13:45:14', 'CHECK'),
(1797, 4, 89, '2020-06-03 13:45:19', 'CHECK'),
(1798, 4, 89, '2020-06-03 13:45:24', 'CHECK'),
(1799, 4, 89, '2020-06-03 13:45:30', 'CHECK'),
(1800, 4, 89, '2020-06-03 13:45:35', 'CHECK'),
(1801, 4, 89, '2020-06-03 13:45:40', 'CHECK'),
(1802, 4, 89, '2020-06-03 13:45:45', 'CHECK'),
(1803, 4, 89, '2020-06-03 13:45:51', 'CHECK'),
(1804, 4, 89, '2020-06-03 13:45:56', 'CHECK'),
(1805, 4, 89, '2020-06-03 13:46:01', 'CHECK'),
(1806, 4, 89, '2020-06-03 13:46:06', 'CHECK'),
(1807, 4, 89, '2020-06-03 13:46:12', 'CHECK'),
(1808, 4, 89, '2020-06-03 13:46:17', 'CHECK'),
(1809, 4, 89, '2020-06-03 13:46:22', 'CHECK'),
(1810, 4, 89, '2020-06-03 13:46:27', 'CHECK'),
(1811, 4, 89, '2020-06-03 13:46:33', 'CHECK'),
(1812, 4, 89, '2020-06-03 13:46:38', 'CHECK'),
(1813, 4, 89, '2020-06-03 13:46:43', 'CHECK'),
(1814, 4, 89, '2020-06-03 13:46:48', 'CHECK'),
(1815, 4, 90, '2020-06-03 13:46:53', 'CHECK'),
(1816, 4, 90, '2020-06-03 13:46:59', 'CHECK'),
(1817, 4, 90, '2020-06-03 13:47:04', 'CHECK'),
(1818, 4, 90, '2020-06-03 13:47:09', 'CHECK'),
(1819, 4, 90, '2020-06-03 13:47:14', 'CHECK'),
(1820, 4, 90, '2020-06-03 13:47:19', 'CHECK'),
(1821, 4, 90, '2020-06-03 13:47:24', 'CHECK'),
(1822, 4, 90, '2020-06-03 13:47:30', 'CHECK'),
(1823, 4, 90, '2020-06-03 13:47:35', 'CHECK'),
(1824, 4, 90, '2020-06-03 13:47:40', 'CHECK'),
(1825, 4, 90, '2020-06-03 13:47:45', 'CHECK'),
(1826, 4, 89, '2020-06-03 13:47:50', 'CHECK'),
(1827, 4, 89, '2020-06-03 13:47:56', 'CHECK'),
(1828, 4, 89, '2020-06-03 13:48:01', 'CHECK'),
(1829, 4, 89, '2020-06-03 13:48:06', 'CHECK'),
(1830, 4, 89, '2020-06-03 13:48:11', 'CHECK'),
(1831, 4, 89, '2020-06-03 13:48:17', 'CHECK'),
(1832, 4, 89, '2020-06-03 13:48:24', 'CHECK'),
(1833, 4, 89, '2020-06-03 13:48:29', 'CHECK'),
(1834, 4, 89, '2020-06-03 13:48:34', 'CHECK'),
(1835, 4, 89, '2020-06-03 13:48:40', 'CHECK'),
(1836, 4, 89, '2020-06-03 13:48:45', 'CHECK'),
(1837, 1, 79, '2020-06-03 13:48:45', 'REMOVE'),
(1838, 4, 88, '2020-06-03 13:48:50', 'CHECK'),
(1839, 4, 89, '2020-06-03 13:48:55', 'CHECK'),
(1840, 4, 89, '2020-06-03 13:49:01', 'CHECK'),
(1841, 4, 89, '2020-06-03 13:49:06', 'CHECK'),
(1842, 4, 89, '2020-06-03 13:49:11', 'CHECK'),
(1843, 4, 89, '2020-06-03 13:49:17', 'CHECK'),
(1844, 4, 89, '2020-06-03 13:49:22', 'CHECK'),
(1845, 4, 89, '2020-06-03 13:49:27', 'CHECK'),
(1846, 4, 89, '2020-06-03 13:49:32', 'CHECK'),
(1847, 4, 89, '2020-06-03 13:49:38', 'CHECK'),
(1848, 4, 89, '2020-06-03 13:49:43', 'CHECK'),
(1849, 4, 89, '2020-06-03 13:49:48', 'CHECK'),
(1850, 4, 89, '2020-06-03 13:49:53', 'CHECK'),
(1851, 4, 89, '2020-06-03 13:49:59', 'CHECK'),
(1852, 4, 89, '2020-06-03 13:50:04', 'CHECK'),
(1853, 4, 89, '2020-06-03 13:50:09', 'CHECK'),
(1854, 4, 90, '2020-06-03 13:50:15', 'CHECK'),
(1855, 4, 90, '2020-06-03 13:50:20', 'CHECK'),
(1856, 4, 90, '2020-06-03 13:50:25', 'CHECK'),
(1857, 4, 90, '2020-06-03 13:50:30', 'CHECK'),
(1858, 4, 90, '2020-06-03 13:50:36', 'CHECK'),
(1859, 4, 91, '2020-06-03 13:50:41', 'CHECK'),
(1860, 4, 91, '2020-06-03 13:50:46', 'CHECK'),
(1861, 4, 91, '2020-06-03 13:50:51', 'CHECK'),
(1862, 4, 91, '2020-06-03 13:50:57', 'CHECK'),
(1863, 4, 91, '2020-06-03 13:51:02', 'CHECK'),
(1864, 4, 91, '2020-06-03 13:51:07', 'CHECK'),
(1865, 4, 91, '2020-06-03 13:51:12', 'CHECK'),
(1866, 4, 91, '2020-06-03 13:51:18', 'CHECK'),
(1867, 4, 91, '2020-06-03 13:51:23', 'CHECK'),
(1868, 4, 92, '2020-06-03 13:51:28', 'CHECK'),
(1869, 4, 92, '2020-06-03 13:51:34', 'CHECK'),
(1870, 4, 92, '2020-06-03 13:51:39', 'CHECK'),
(1871, 4, 92, '2020-06-03 13:51:44', 'CHECK'),
(1872, 4, 92, '2020-06-03 13:51:49', 'CHECK'),
(1873, 4, 92, '2020-06-03 13:51:55', 'CHECK'),
(1874, 4, 92, '2020-06-03 13:52:00', 'CHECK'),
(1875, 4, 92, '2020-06-03 13:52:05', 'CHECK'),
(1876, 4, 92, '2020-06-03 13:52:10', 'CHECK'),
(1877, 4, 92, '2020-06-03 13:52:16', 'CHECK'),
(1878, 4, 92, '2020-06-03 13:52:21', 'CHECK'),
(1879, 4, 92, '2020-06-03 13:52:26', 'CHECK'),
(1880, 4, 92, '2020-06-03 13:52:32', 'CHECK'),
(1881, 4, 93, '2020-06-03 13:52:37', 'CHECK'),
(1882, 4, 93, '2020-06-03 13:52:42', 'CHECK'),
(1883, 4, 92, '2020-06-03 13:52:47', 'CHECK'),
(1884, 4, 92, '2020-06-03 13:52:52', 'CHECK'),
(1885, 4, 93, '2020-06-03 13:52:58', 'CHECK'),
(1886, 4, 92, '2020-06-03 13:53:03', 'CHECK'),
(1887, 4, 92, '2020-06-03 13:53:08', 'CHECK'),
(1888, 4, 92, '2020-06-03 13:53:13', 'CHECK'),
(1889, 4, 92, '2020-06-03 13:53:18', 'CHECK'),
(1890, 4, 92, '2020-06-03 13:53:23', 'CHECK'),
(1891, 4, 92, '2020-06-03 13:53:29', 'CHECK'),
(1892, 4, 92, '2020-06-03 13:53:34', 'CHECK'),
(1893, 4, 92, '2020-06-03 13:53:39', 'CHECK'),
(1894, 4, 92, '2020-06-03 13:53:44', 'CHECK'),
(1895, 4, 92, '2020-06-03 13:53:50', 'CHECK'),
(1896, 4, 92, '2020-06-03 13:53:55', 'CHECK'),
(1897, 4, 92, '2020-06-03 13:54:00', 'CHECK'),
(1898, 4, 92, '2020-06-03 13:54:05', 'CHECK'),
(1899, 4, 92, '2020-06-03 13:54:11', 'CHECK'),
(1900, 4, 92, '2020-06-03 13:54:16', 'CHECK'),
(1901, 4, 92, '2020-06-03 13:54:21', 'CHECK'),
(1902, 4, 92, '2020-06-03 13:54:26', 'CHECK'),
(1903, 4, 92, '2020-06-03 13:54:32', 'CHECK'),
(1904, 4, 93, '2020-06-03 13:54:40', 'CHECK'),
(1905, 4, 93, '2020-06-03 13:54:45', 'CHECK'),
(1906, 4, 93, '2020-06-03 13:54:50', 'CHECK'),
(1907, 4, 93, '2020-06-03 13:54:55', 'CHECK'),
(1908, 4, 93, '2020-06-03 13:55:01', 'CHECK'),
(1909, 4, 93, '2020-06-03 13:55:06', 'CHECK'),
(1910, 4, 93, '2020-06-03 13:55:11', 'CHECK'),
(1911, 4, 93, '2020-06-03 13:55:16', 'CHECK'),
(1912, 4, 93, '2020-06-03 13:55:22', 'CHECK'),
(1913, 4, 93, '2020-06-03 13:55:27', 'CHECK'),
(1914, 4, 93, '2020-06-03 13:55:32', 'CHECK'),
(1915, 4, 93, '2020-06-03 13:55:37', 'CHECK'),
(1916, 4, 93, '2020-06-03 13:55:43', 'CHECK'),
(1917, 4, 93, '2020-06-03 13:55:48', 'CHECK'),
(1918, 4, 93, '2020-06-03 13:55:53', 'CHECK'),
(1919, 4, 93, '2020-06-03 13:55:59', 'CHECK'),
(1920, 4, 93, '2020-06-03 13:56:04', 'CHECK'),
(1921, 4, 93, '2020-06-03 13:56:09', 'CHECK'),
(1922, 4, 93, '2020-06-03 13:56:14', 'CHECK'),
(1923, 4, 93, '2020-06-03 13:56:19', 'CHECK'),
(1924, 4, 93, '2020-06-03 13:56:25', 'CHECK'),
(1925, 4, 93, '2020-06-03 13:56:30', 'CHECK'),
(1926, 4, 93, '2020-06-03 13:56:35', 'CHECK'),
(1927, 4, 93, '2020-06-03 13:56:40', 'CHECK'),
(1928, 4, 93, '2020-06-03 13:56:45', 'CHECK'),
(1929, 4, 93, '2020-06-03 13:56:50', 'CHECK'),
(1930, 4, 93, '2020-06-03 13:56:56', 'CHECK'),
(1931, 4, 93, '2020-06-03 13:57:01', 'CHECK'),
(1932, 4, 93, '2020-06-03 13:57:06', 'CHECK'),
(1933, 4, 93, '2020-06-03 13:57:11', 'CHECK'),
(1934, 4, 93, '2020-06-03 13:57:16', 'CHECK'),
(1935, 4, 93, '2020-06-03 13:57:22', 'CHECK'),
(1936, 4, 93, '2020-06-03 13:57:27', 'CHECK'),
(1937, 4, 93, '2020-06-03 13:57:32', 'CHECK'),
(1938, 4, 93, '2020-06-03 13:57:37', 'CHECK'),
(1939, 4, 94, '2020-06-03 13:57:42', 'CHECK'),
(1940, 4, 93, '2020-06-03 13:57:48', 'CHECK'),
(1941, 4, 94, '2020-06-03 13:57:53', 'CHECK'),
(1942, 4, 94, '2020-06-03 13:57:58', 'CHECK'),
(1943, 4, 94, '2020-06-03 13:58:03', 'CHECK'),
(1944, 4, 94, '2020-06-03 13:58:08', 'CHECK'),
(1945, 4, 94, '2020-06-03 13:58:14', 'CHECK'),
(1946, 4, 94, '2020-06-03 13:58:19', 'CHECK'),
(1947, 4, 94, '2020-06-03 13:58:24', 'CHECK'),
(1948, 4, 94, '2020-06-03 13:58:29', 'CHECK'),
(1949, 4, 94, '2020-06-03 13:58:35', 'CHECK'),
(1950, 4, 94, '2020-06-03 13:58:40', 'CHECK'),
(1951, 4, 94, '2020-06-03 13:58:45', 'CHECK'),
(1952, 4, 94, '2020-06-03 13:58:51', 'CHECK'),
(1953, 4, 94, '2020-06-03 13:58:56', 'CHECK'),
(1954, 4, 94, '2020-06-03 13:59:01', 'CHECK'),
(1955, 4, 94, '2020-06-03 13:59:06', 'CHECK'),
(1956, 4, 95, '2020-06-03 13:59:12', 'CHECK'),
(1957, 4, 94, '2020-06-03 13:59:17', 'CHECK'),
(1958, 4, 94, '2020-06-03 13:59:22', 'CHECK'),
(1959, 4, 94, '2020-06-03 13:59:27', 'CHECK'),
(1960, 4, 94, '2020-06-03 13:59:32', 'CHECK'),
(1961, 4, 94, '2020-06-03 13:59:38', 'CHECK'),
(1962, 4, 94, '2020-06-03 13:59:43', 'CHECK'),
(1963, 4, 94, '2020-06-03 13:59:48', 'CHECK'),
(1964, 4, 94, '2020-06-03 13:59:53', 'CHECK'),
(1965, 4, 94, '2020-06-03 13:59:58', 'CHECK'),
(1966, 4, 94, '2020-06-03 14:00:03', 'CHECK'),
(1967, 4, 94, '2020-06-03 14:00:09', 'CHECK'),
(1968, 4, 94, '2020-06-03 14:00:14', 'CHECK'),
(1969, 4, 94, '2020-06-03 14:00:19', 'CHECK'),
(1970, 4, 94, '2020-06-03 14:00:24', 'CHECK'),
(1971, 4, 94, '2020-06-03 14:00:30', 'CHECK'),
(1972, 4, 94, '2020-06-03 14:00:35', 'CHECK'),
(1973, 4, 94, '2020-06-03 14:00:40', 'CHECK'),
(1974, 4, 94, '2020-06-03 14:00:45', 'CHECK'),
(1975, 4, 94, '2020-06-03 14:00:51', 'CHECK'),
(1976, 4, 94, '2020-06-03 14:00:56', 'CHECK'),
(1977, 4, 94, '2020-06-03 14:01:01', 'CHECK'),
(1978, 4, 93, '2020-06-03 14:01:07', 'CHECK'),
(1979, 4, 93, '2020-06-03 14:01:12', 'CHECK'),
(1980, 4, 94, '2020-06-03 14:01:17', 'CHECK'),
(1981, 4, 94, '2020-06-03 14:01:22', 'CHECK'),
(1982, 4, 93, '2020-06-03 14:01:28', 'CHECK'),
(1983, 4, 93, '2020-06-03 14:01:33', 'CHECK'),
(1984, 4, 93, '2020-06-03 14:01:38', 'CHECK'),
(1985, 4, 93, '2020-06-03 14:01:43', 'CHECK'),
(1986, 4, 93, '2020-06-03 14:01:49', 'CHECK'),
(1987, 4, 93, '2020-06-03 14:01:54', 'CHECK'),
(1988, 4, 93, '2020-06-03 14:01:59', 'CHECK'),
(1989, 4, 93, '2020-06-03 14:02:05', 'CHECK'),
(1990, 4, 93, '2020-06-03 14:02:10', 'CHECK'),
(1991, 4, 93, '2020-06-03 14:02:15', 'CHECK'),
(1992, 4, 93, '2020-06-03 14:02:20', 'CHECK'),
(1993, 4, 93, '2020-06-03 14:02:26', 'CHECK'),
(1994, 4, 93, '2020-06-03 14:02:31', 'CHECK'),
(1995, 4, 93, '2020-06-03 14:02:36', 'CHECK'),
(1996, 4, 93, '2020-06-03 14:02:42', 'CHECK'),
(1997, 4, 93, '2020-06-03 14:02:47', 'CHECK'),
(1998, 4, 93, '2020-06-03 14:02:52', 'CHECK'),
(1999, 4, 93, '2020-06-03 14:02:57', 'CHECK'),
(2000, 4, 93, '2020-06-03 14:03:03', 'CHECK'),
(2001, 4, 93, '2020-06-03 14:03:08', 'CHECK'),
(2002, 4, 93, '2020-06-03 14:03:13', 'CHECK'),
(2003, 4, 93, '2020-06-03 14:03:18', 'CHECK'),
(2004, 4, 93, '2020-06-03 14:03:24', 'CHECK'),
(2005, 4, 93, '2020-06-03 14:03:29', 'CHECK'),
(2006, 4, 93, '2020-06-03 14:03:34', 'CHECK'),
(2007, 4, 93, '2020-06-03 14:03:39', 'CHECK'),
(2008, 4, 93, '2020-06-03 14:03:45', 'CHECK'),
(2009, 4, 93, '2020-06-03 14:03:50', 'CHECK'),
(2010, 4, 93, '2020-06-03 14:03:55', 'CHECK'),
(2011, 4, 93, '2020-06-03 14:04:01', 'CHECK'),
(2012, 4, 94, '2020-06-03 14:04:06', 'CHECK'),
(2013, 4, 93, '2020-06-03 14:04:11', 'CHECK'),
(2014, 4, 93, '2020-06-03 14:04:16', 'CHECK'),
(2015, 1, 2, '2020-06-03 14:04:19', 'REMOVE'),
(2016, 4, 93, '2020-06-03 14:04:22', 'CHECK'),
(2017, 4, 94, '2020-06-03 14:04:27', 'CHECK'),
(2018, 4, 94, '2020-06-03 14:04:32', 'CHECK'),
(2019, 4, 94, '2020-06-03 14:04:37', 'CHECK'),
(2020, 4, 94, '2020-06-03 14:04:43', 'CHECK'),
(2021, 4, 94, '2020-06-03 14:04:48', 'CHECK'),
(2022, 4, 94, '2020-06-03 14:04:53', 'CHECK'),
(2023, 4, 94, '2020-06-03 14:04:59', 'CHECK'),
(2024, 4, 94, '2020-06-03 14:05:04', 'CHECK'),
(2025, 4, 93, '2020-06-03 14:05:09', 'CHECK'),
(2026, 4, 93, '2020-06-03 14:05:14', 'CHECK'),
(2027, 4, 93, '2020-06-03 14:05:20', 'CHECK'),
(2028, 4, 93, '2020-06-03 14:05:25', 'CHECK'),
(2029, 4, 93, '2020-06-03 14:05:30', 'CHECK'),
(2030, 4, 93, '2020-06-03 14:05:36', 'CHECK'),
(2031, 4, 93, '2020-06-03 14:05:41', 'CHECK'),
(2032, 4, 93, '2020-06-03 14:05:46', 'CHECK'),
(2033, 4, 93, '2020-06-03 14:05:51', 'CHECK'),
(2034, 4, 93, '2020-06-03 14:05:57', 'CHECK'),
(2035, 4, 93, '2020-06-03 14:06:02', 'CHECK'),
(2036, 4, 93, '2020-06-03 14:06:07', 'CHECK'),
(2037, 4, 93, '2020-06-03 14:06:12', 'CHECK'),
(2038, 4, 93, '2020-06-03 14:06:18', 'CHECK'),
(2039, 4, 93, '2020-06-03 14:06:23', 'CHECK'),
(2040, 4, 93, '2020-06-03 14:06:28', 'CHECK'),
(2041, 4, 93, '2020-06-03 14:06:33', 'CHECK'),
(2042, 4, 93, '2020-06-03 14:06:38', 'CHECK'),
(2043, 4, 93, '2020-06-03 14:06:43', 'CHECK'),
(2044, 4, 93, '2020-06-03 14:06:49', 'CHECK'),
(2045, 4, 93, '2020-06-03 14:06:54', 'CHECK'),
(2046, 4, 93, '2020-06-03 14:06:59', 'CHECK'),
(2047, 4, 93, '2020-06-03 14:07:04', 'CHECK'),
(2048, 4, 93, '2020-06-03 14:07:09', 'CHECK'),
(2049, 4, 93, '2020-06-03 14:07:15', 'CHECK'),
(2050, 4, 93, '2020-06-03 14:07:20', 'CHECK'),
(2051, 4, 93, '2020-06-03 14:07:25', 'CHECK'),
(2052, 4, 93, '2020-06-03 14:07:31', 'CHECK'),
(2053, 4, 93, '2020-06-03 14:07:36', 'CHECK'),
(2054, 4, 93, '2020-06-03 14:07:41', 'CHECK'),
(2055, 4, 93, '2020-06-03 14:07:46', 'CHECK'),
(2056, 4, 93, '2020-06-03 14:07:52', 'CHECK'),
(2057, 4, 92, '2020-06-03 14:07:57', 'CHECK'),
(2058, 4, 92, '2020-06-03 14:08:02', 'CHECK'),
(2059, 4, 92, '2020-06-03 14:08:07', 'CHECK'),
(2060, 4, 92, '2020-06-03 14:08:13', 'CHECK'),
(2061, 4, 92, '2020-06-03 14:08:18', 'CHECK'),
(2062, 4, 92, '2020-06-03 14:08:23', 'CHECK'),
(2063, 4, 92, '2020-06-03 14:08:29', 'CHECK'),
(2064, 4, 92, '2020-06-03 14:08:34', 'CHECK'),
(2065, 4, 92, '2020-06-03 14:08:39', 'CHECK'),
(2066, 4, 92, '2020-06-03 14:08:44', 'CHECK'),
(2067, 4, 92, '2020-06-03 14:08:50', 'CHECK'),
(2068, 4, 92, '2020-06-03 14:08:55', 'CHECK'),
(2069, 4, 92, '2020-06-03 14:09:00', 'CHECK'),
(2070, 4, 92, '2020-06-03 14:09:05', 'CHECK'),
(2071, 4, 92, '2020-06-03 14:09:11', 'CHECK'),
(2072, 4, 92, '2020-06-03 14:09:16', 'CHECK'),
(2073, 4, 92, '2020-06-03 14:09:21', 'CHECK'),
(2074, 4, 92, '2020-06-03 14:09:26', 'CHECK'),
(2075, 4, 92, '2020-06-03 14:09:32', 'CHECK'),
(2076, 4, 92, '2020-06-03 14:09:37', 'CHECK'),
(2077, 4, 92, '2020-06-03 14:09:42', 'CHECK'),
(2078, 4, 92, '2020-06-03 14:09:48', 'CHECK'),
(2079, 4, 92, '2020-06-03 14:09:53', 'CHECK'),
(2080, 4, 92, '2020-06-03 14:09:58', 'CHECK'),
(2081, 4, 92, '2020-06-03 14:10:03', 'CHECK'),
(2082, 4, 92, '2020-06-03 14:10:09', 'CHECK'),
(2083, 4, 92, '2020-06-03 14:10:14', 'CHECK'),
(2084, 4, 92, '2020-06-03 14:10:19', 'CHECK'),
(2085, 4, 92, '2020-06-03 14:10:24', 'CHECK'),
(2086, 4, 92, '2020-06-03 14:10:30', 'CHECK'),
(2087, 4, 92, '2020-06-03 14:10:35', 'CHECK'),
(2088, 4, 92, '2020-06-03 14:10:40', 'CHECK'),
(2089, 4, 91, '2020-06-03 14:10:46', 'CHECK'),
(2090, 4, 91, '2020-06-03 14:10:51', 'CHECK'),
(2091, 4, 92, '2020-06-03 14:10:56', 'CHECK'),
(2092, 4, 92, '2020-06-03 14:11:01', 'CHECK'),
(2093, 4, 92, '2020-06-03 14:11:07', 'CHECK'),
(2094, 4, 92, '2020-06-03 14:11:12', 'CHECK'),
(2095, 4, 92, '2020-06-03 14:11:17', 'CHECK'),
(2096, 4, 92, '2020-06-03 14:11:22', 'CHECK'),
(2097, 4, 92, '2020-06-03 14:11:28', 'CHECK'),
(2098, 4, 91, '2020-06-03 14:11:33', 'CHECK'),
(2099, 4, 91, '2020-06-03 14:11:38', 'CHECK'),
(2100, 4, 91, '2020-06-03 14:11:44', 'CHECK'),
(2101, 4, 91, '2020-06-03 14:11:49', 'CHECK'),
(2102, 4, 91, '2020-06-03 14:11:54', 'CHECK'),
(2103, 4, 92, '2020-06-03 14:11:59', 'CHECK'),
(2104, 4, 91, '2020-06-03 14:12:05', 'CHECK'),
(2105, 4, 92, '2020-06-03 14:12:10', 'CHECK'),
(2106, 4, 92, '2020-06-03 14:12:15', 'CHECK'),
(2107, 4, 92, '2020-06-03 14:12:20', 'CHECK'),
(2108, 4, 92, '2020-06-03 14:12:26', 'CHECK'),
(2109, 4, 92, '2020-06-03 14:12:31', 'CHECK'),
(2110, 4, 92, '2020-06-03 14:12:36', 'CHECK'),
(2111, 4, 92, '2020-06-03 14:12:42', 'CHECK'),
(2112, 4, 92, '2020-06-03 14:12:47', 'CHECK'),
(2113, 4, 92, '2020-06-03 14:12:52', 'CHECK'),
(2114, 4, 92, '2020-06-03 14:12:57', 'CHECK'),
(2115, 4, 92, '2020-06-03 14:13:03', 'CHECK'),
(2116, 4, 92, '2020-06-03 14:13:08', 'CHECK'),
(2117, 4, 92, '2020-06-03 14:13:13', 'CHECK'),
(2118, 4, 92, '2020-06-03 14:13:18', 'CHECK'),
(2119, 4, 92, '2020-06-03 14:13:24', 'CHECK'),
(2120, 4, 92, '2020-06-03 14:13:29', 'CHECK'),
(2121, 4, 91, '2020-06-03 14:13:34', 'CHECK'),
(2122, 4, 91, '2020-06-03 14:13:40', 'CHECK'),
(2123, 4, 91, '2020-06-03 14:13:45', 'CHECK'),
(2124, 4, 91, '2020-06-03 14:13:50', 'CHECK'),
(2125, 4, 91, '2020-06-03 14:13:55', 'CHECK'),
(2126, 4, 91, '2020-06-03 14:14:01', 'CHECK'),
(2127, 4, 91, '2020-06-03 14:14:06', 'CHECK'),
(2128, 4, 91, '2020-06-03 14:14:11', 'CHECK'),
(2129, 4, 91, '2020-06-03 14:14:16', 'CHECK'),
(2130, 4, 91, '2020-06-03 14:14:21', 'CHECK'),
(2131, 4, 91, '2020-06-03 14:14:27', 'CHECK'),
(2132, 4, 91, '2020-06-03 14:14:32', 'CHECK'),
(2133, 4, 91, '2020-06-03 14:14:37', 'CHECK'),
(2134, 4, 91, '2020-06-03 14:14:42', 'CHECK'),
(2135, 4, 91, '2020-06-03 14:14:47', 'CHECK'),
(2136, 4, 91, '2020-06-03 14:14:52', 'CHECK'),
(2137, 4, 92, '2020-06-03 14:14:58', 'CHECK'),
(2138, 4, 92, '2020-06-03 14:15:03', 'CHECK'),
(2139, 4, 92, '2020-06-03 14:15:08', 'CHECK'),
(2140, 4, 92, '2020-06-03 14:15:13', 'CHECK'),
(2141, 4, 92, '2020-06-03 14:15:19', 'CHECK'),
(2142, 4, 92, '2020-06-03 14:15:24', 'CHECK'),
(2143, 4, 92, '2020-06-03 14:15:29', 'CHECK'),
(2144, 4, 92, '2020-06-03 14:15:34', 'CHECK'),
(2145, 4, 92, '2020-06-03 14:15:40', 'CHECK'),
(2146, 4, 92, '2020-06-03 14:15:45', 'CHECK'),
(2147, 4, 92, '2020-06-03 14:15:50', 'CHECK'),
(2148, 4, 92, '2020-06-03 14:15:56', 'CHECK'),
(2149, 4, 92, '2020-06-03 14:16:01', 'CHECK'),
(2150, 4, 92, '2020-06-03 14:16:06', 'CHECK'),
(2151, 4, 92, '2020-06-03 14:16:11', 'CHECK'),
(2152, 4, 92, '2020-06-03 14:16:16', 'CHECK'),
(2153, 4, 92, '2020-06-03 14:16:22', 'CHECK'),
(2154, 4, 92, '2020-06-03 14:16:27', 'CHECK'),
(2155, 4, 93, '2020-06-03 14:16:32', 'CHECK'),
(2156, 4, 93, '2020-06-03 14:16:37', 'CHECK'),
(2157, 4, 93, '2020-06-03 14:16:42', 'CHECK'),
(2158, 4, 93, '2020-06-03 14:16:48', 'CHECK'),
(2159, 4, 93, '2020-06-03 14:16:53', 'CHECK'),
(2160, 4, 93, '2020-06-03 14:16:58', 'CHECK'),
(2161, 4, 93, '2020-06-03 14:17:03', 'CHECK'),
(2162, 4, 93, '2020-06-03 14:17:09', 'CHECK'),
(2163, 4, 93, '2020-06-03 14:17:14', 'CHECK'),
(2164, 4, 93, '2020-06-03 14:17:19', 'CHECK'),
(2165, 4, 93, '2020-06-03 14:17:24', 'CHECK'),
(2166, 4, 93, '2020-06-03 14:17:29', 'CHECK'),
(2167, 4, 94, '2020-06-03 14:17:35', 'CHECK'),
(2168, 4, 94, '2020-06-03 14:17:40', 'CHECK'),
(2169, 4, 94, '2020-06-03 14:17:45', 'CHECK'),
(2170, 4, 94, '2020-06-03 14:17:50', 'CHECK'),
(2171, 4, 94, '2020-06-03 14:17:55', 'CHECK'),
(2172, 4, 94, '2020-06-03 14:18:00', 'CHECK'),
(2173, 4, 94, '2020-06-03 14:18:06', 'CHECK'),
(2174, 4, 94, '2020-06-03 14:18:11', 'CHECK'),
(2175, 4, 94, '2020-06-03 14:18:16', 'CHECK'),
(2176, 4, 94, '2020-06-03 14:18:21', 'CHECK'),
(2177, 4, 94, '2020-06-03 14:18:27', 'CHECK'),
(2178, 4, 94, '2020-06-03 14:18:32', 'CHECK'),
(2179, 4, 94, '2020-06-03 14:18:37', 'CHECK'),
(2180, 4, 94, '2020-06-03 14:18:43', 'CHECK'),
(2181, 4, 94, '2020-06-03 14:18:48', 'CHECK'),
(2182, 4, 94, '2020-06-03 14:18:53', 'CHECK'),
(2183, 4, 94, '2020-06-03 14:18:58', 'CHECK'),
(2184, 4, 94, '2020-06-03 14:19:03', 'CHECK'),
(2185, 4, 94, '2020-06-03 14:19:09', 'CHECK'),
(2186, 4, 94, '2020-06-03 14:19:14', 'CHECK'),
(2187, 4, 94, '2020-06-03 14:19:19', 'CHECK'),
(2188, 4, 94, '2020-06-03 14:19:24', 'CHECK'),
(2189, 4, 94, '2020-06-03 14:19:29', 'CHECK'),
(2190, 4, 94, '2020-06-03 14:19:34', 'CHECK'),
(2191, 4, 94, '2020-06-03 14:19:40', 'CHECK'),
(2192, 4, 94, '2020-06-03 14:19:45', 'CHECK'),
(2193, 4, 94, '2020-06-03 14:19:50', 'CHECK'),
(2194, 4, 94, '2020-06-03 14:19:55', 'CHECK'),
(2195, 4, 94, '2020-06-03 14:20:01', 'CHECK'),
(2196, 4, 94, '2020-06-03 14:20:06', 'CHECK'),
(2197, 4, 94, '2020-06-03 14:20:11', 'CHECK'),
(2198, 4, 94, '2020-06-03 14:20:16', 'CHECK'),
(2199, 4, 80, '2020-06-03 14:20:22', 'CHECK'),
(2200, 4, 81, '2020-06-03 14:20:27', 'CHECK'),
(2201, 4, 81, '2020-06-03 14:20:32', 'CHECK'),
(2202, 4, 81, '2020-06-03 14:20:38', 'CHECK'),
(2203, 4, 81, '2020-06-03 14:20:43', 'CHECK'),
(2204, 4, 81, '2020-06-03 14:20:48', 'CHECK'),
(2205, 4, 94, '2020-06-03 14:20:53', 'CHECK'),
(2206, 4, 93, '2020-06-03 14:20:59', 'CHECK'),
(2207, 4, 93, '2020-06-03 14:21:04', 'CHECK'),
(2208, 4, 93, '2020-06-03 14:21:09', 'CHECK'),
(2209, 4, 93, '2020-06-03 14:21:14', 'CHECK'),
(2210, 4, 93, '2020-06-03 14:21:20', 'CHECK'),
(2211, 4, 93, '2020-06-03 14:21:25', 'CHECK'),
(2212, 4, 93, '2020-06-03 14:21:30', 'CHECK'),
(2213, 4, 93, '2020-06-03 14:21:35', 'CHECK'),
(2214, 4, 93, '2020-06-03 14:21:41', 'CHECK'),
(2215, 4, 93, '2020-06-03 14:21:46', 'CHECK'),
(2216, 4, 93, '2020-06-03 14:21:51', 'CHECK'),
(2217, 1, 165, '2020-06-03 14:21:56', 'REMOVE'),
(2218, 4, 93, '2020-06-03 14:21:56', 'CHECK'),
(2219, 4, 93, '2020-06-03 14:22:02', 'CHECK'),
(2220, 4, 93, '2020-06-03 14:22:07', 'CHECK'),
(2221, 4, 93, '2020-06-03 14:22:12', 'CHECK'),
(2222, 4, 93, '2020-06-03 14:22:17', 'CHECK'),
(2223, 4, 93, '2020-06-03 14:22:22', 'CHECK'),
(2224, 4, 93, '2020-06-03 14:22:27', 'CHECK'),
(2225, 4, 93, '2020-06-03 14:22:33', 'CHECK'),
(2226, 4, 93, '2020-06-03 14:22:38', 'CHECK'),
(2227, 4, 93, '2020-06-03 14:22:43', 'CHECK'),
(2228, 4, 92, '2020-06-03 14:22:48', 'CHECK'),
(2229, 4, 92, '2020-06-03 14:22:54', 'CHECK'),
(2230, 4, 92, '2020-06-03 14:22:59', 'CHECK'),
(2231, 4, 92, '2020-06-03 14:23:04', 'CHECK'),
(2232, 4, 92, '2020-06-03 14:23:09', 'CHECK'),
(2233, 4, 92, '2020-06-03 14:23:15', 'CHECK'),
(2234, 4, 92, '2020-06-03 14:23:20', 'CHECK'),
(2235, 4, 92, '2020-06-03 14:23:25', 'CHECK'),
(2236, 4, 92, '2020-06-03 14:23:30', 'CHECK'),
(2237, 4, 92, '2020-06-03 14:23:35', 'CHECK'),
(2238, 4, 92, '2020-06-03 14:23:40', 'CHECK'),
(2239, 4, 92, '2020-06-03 14:23:46', 'CHECK');
INSERT INTO `tbl_metingen` (`IDmeting`, `device_id`, `hoeveelheid`, `meetdatum`, `actiecode`) VALUES
(2240, 4, 92, '2020-06-03 14:23:51', 'CHECK'),
(2241, 4, 92, '2020-06-03 14:23:56', 'CHECK'),
(2242, 4, 92, '2020-06-03 14:24:01', 'CHECK'),
(2243, 4, 92, '2020-06-03 14:24:06', 'CHECK'),
(2244, 4, 92, '2020-06-03 14:24:12', 'CHECK'),
(2245, 4, 92, '2020-06-03 14:24:17', 'CHECK'),
(2246, 4, 92, '2020-06-03 14:24:22', 'CHECK'),
(2247, 4, 92, '2020-06-03 14:24:27', 'CHECK'),
(2248, 4, 92, '2020-06-03 14:24:32', 'CHECK'),
(2249, 4, 92, '2020-06-03 14:24:38', 'CHECK'),
(2250, 4, 92, '2020-06-03 14:24:43', 'CHECK'),
(2251, 4, 92, '2020-06-03 14:24:48', 'CHECK'),
(2252, 4, 92, '2020-06-03 14:24:53', 'CHECK'),
(2253, 4, 92, '2020-06-03 14:24:58', 'CHECK'),
(2254, 4, 92, '2020-06-03 14:25:04', 'CHECK'),
(2255, 4, 92, '2020-06-03 14:25:09', 'CHECK'),
(2256, 4, 92, '2020-06-03 14:25:14', 'CHECK'),
(2257, 4, 92, '2020-06-03 14:25:19', 'CHECK'),
(2258, 4, 91, '2020-06-03 14:25:25', 'CHECK'),
(2259, 4, 92, '2020-06-03 14:25:30', 'CHECK'),
(2260, 4, 92, '2020-06-03 14:25:35', 'CHECK'),
(2261, 4, 92, '2020-06-03 14:25:40', 'CHECK'),
(2262, 4, 92, '2020-06-03 14:25:46', 'CHECK'),
(2263, 4, 92, '2020-06-03 14:25:51', 'CHECK'),
(2264, 4, 92, '2020-06-03 14:25:56', 'CHECK'),
(2265, 4, 92, '2020-06-03 14:26:02', 'CHECK'),
(2266, 4, 92, '2020-06-03 14:26:07', 'CHECK'),
(2267, 4, 92, '2020-06-03 14:26:12', 'CHECK'),
(2268, 4, 92, '2020-06-03 14:26:17', 'CHECK'),
(2269, 4, 92, '2020-06-03 14:26:22', 'CHECK'),
(2270, 4, 92, '2020-06-03 14:26:28', 'CHECK'),
(2271, 4, 92, '2020-06-03 14:26:33', 'CHECK'),
(2272, 4, 92, '2020-06-03 14:26:38', 'CHECK'),
(2273, 4, 92, '2020-06-03 14:26:43', 'CHECK'),
(2274, 4, 92, '2020-06-03 14:26:48', 'CHECK'),
(2275, 4, 92, '2020-06-03 14:26:53', 'CHECK'),
(2276, 4, 92, '2020-06-03 14:26:59', 'CHECK'),
(2277, 4, 92, '2020-06-03 14:27:04', 'CHECK'),
(2278, 4, 92, '2020-06-03 14:27:09', 'CHECK'),
(2279, 4, 92, '2020-06-03 14:27:14', 'CHECK'),
(2280, 4, 92, '2020-06-03 14:27:20', 'CHECK'),
(2281, 4, 92, '2020-06-03 14:27:25', 'CHECK'),
(2282, 4, 92, '2020-06-03 14:27:30', 'CHECK'),
(2283, 4, 92, '2020-06-03 14:27:36', 'CHECK'),
(2284, 4, 92, '2020-06-03 14:27:41', 'CHECK'),
(2285, 4, 92, '2020-06-03 14:27:46', 'CHECK'),
(2286, 4, 92, '2020-06-03 14:27:51', 'CHECK'),
(2287, 4, 92, '2020-06-03 14:27:57', 'CHECK'),
(2288, 4, 92, '2020-06-03 14:28:02', 'CHECK'),
(2289, 4, 92, '2020-06-03 14:28:07', 'CHECK'),
(2290, 4, 92, '2020-06-03 14:28:12', 'CHECK'),
(2291, 4, 92, '2020-06-03 14:28:18', 'CHECK'),
(2292, 4, 92, '2020-06-03 14:28:23', 'CHECK'),
(2293, 4, 92, '2020-06-03 14:28:28', 'CHECK'),
(2294, 4, 92, '2020-06-03 14:28:33', 'CHECK'),
(2295, 4, 92, '2020-06-03 14:28:39', 'CHECK'),
(2296, 4, 92, '2020-06-03 14:28:44', 'CHECK'),
(2297, 4, 92, '2020-06-03 14:28:49', 'CHECK'),
(2298, 4, 92, '2020-06-03 14:28:55', 'CHECK'),
(2299, 4, 92, '2020-06-03 14:29:00', 'CHECK'),
(2300, 4, 92, '2020-06-03 14:29:05', 'CHECK'),
(2301, 4, 92, '2020-06-03 14:29:10', 'CHECK'),
(2302, 4, 92, '2020-06-03 14:29:16', 'CHECK'),
(2303, 4, 92, '2020-06-03 14:29:21', 'CHECK'),
(2304, 4, 92, '2020-06-03 14:29:26', 'CHECK'),
(2305, 4, 92, '2020-06-03 14:29:32', 'CHECK'),
(2306, 4, 92, '2020-06-03 14:29:37', 'CHECK'),
(2307, 4, 92, '2020-06-03 14:29:42', 'CHECK'),
(2308, 4, 92, '2020-06-03 14:29:47', 'CHECK'),
(2309, 4, 92, '2020-06-03 14:29:53', 'CHECK'),
(2310, 4, 92, '2020-06-03 14:29:58', 'CHECK'),
(2311, 4, 92, '2020-06-03 14:30:03', 'CHECK'),
(2312, 4, 93, '2020-06-03 14:30:08', 'CHECK'),
(2313, 4, 92, '2020-06-03 14:30:14', 'CHECK'),
(2314, 4, 93, '2020-06-03 14:30:19', 'CHECK'),
(2315, 4, 93, '2020-06-03 14:30:24', 'CHECK'),
(2316, 4, 93, '2020-06-03 14:30:29', 'CHECK'),
(2317, 4, 93, '2020-06-03 14:30:35', 'CHECK'),
(2318, 4, 93, '2020-06-03 14:30:40', 'CHECK'),
(2319, 4, 93, '2020-06-03 14:30:45', 'CHECK'),
(2320, 4, 93, '2020-06-03 14:30:51', 'CHECK'),
(2321, 4, 93, '2020-06-03 14:30:56', 'CHECK'),
(2322, 4, 93, '2020-06-03 14:31:01', 'CHECK'),
(2323, 4, 93, '2020-06-03 14:31:06', 'CHECK'),
(2324, 4, 93, '2020-06-03 14:31:12', 'CHECK'),
(2325, 4, 93, '2020-06-03 14:31:17', 'CHECK'),
(2326, 4, 93, '2020-06-03 14:31:22', 'CHECK'),
(2327, 4, 93, '2020-06-03 14:31:27', 'CHECK'),
(2328, 4, 93, '2020-06-03 14:31:32', 'CHECK'),
(2329, 4, 93, '2020-06-03 14:31:38', 'CHECK'),
(2330, 4, 93, '2020-06-03 14:31:43', 'CHECK'),
(2331, 4, 93, '2020-06-03 14:31:48', 'CHECK'),
(2332, 4, 93, '2020-06-03 14:31:53', 'CHECK'),
(2333, 4, 93, '2020-06-03 14:31:58', 'CHECK'),
(2334, 4, 93, '2020-06-03 14:32:04', 'CHECK'),
(2335, 4, 93, '2020-06-03 14:32:09', 'CHECK'),
(2336, 4, 93, '2020-06-03 14:32:14', 'CHECK'),
(2337, 4, 93, '2020-06-03 14:32:19', 'CHECK'),
(2338, 4, 93, '2020-06-03 14:32:24', 'CHECK'),
(2339, 4, 94, '2020-06-03 14:32:30', 'CHECK'),
(2340, 4, 94, '2020-06-03 14:32:35', 'CHECK'),
(2341, 4, 94, '2020-06-03 14:32:40', 'CHECK'),
(2342, 4, 94, '2020-06-03 14:32:45', 'CHECK'),
(2343, 4, 94, '2020-06-03 14:32:50', 'CHECK'),
(2344, 4, 94, '2020-06-03 14:32:56', 'CHECK'),
(2345, 4, 94, '2020-06-03 14:33:01', 'CHECK'),
(2346, 4, 94, '2020-06-03 14:33:06', 'CHECK'),
(2347, 4, 94, '2020-06-03 14:33:11', 'CHECK'),
(2348, 4, 94, '2020-06-03 14:33:16', 'CHECK'),
(2349, 4, 94, '2020-06-03 14:33:21', 'CHECK'),
(2350, 4, 94, '2020-06-03 14:33:27', 'CHECK'),
(2351, 4, 94, '2020-06-03 14:33:32', 'CHECK'),
(2352, 4, 94, '2020-06-03 14:33:41', 'CHECK'),
(2353, 4, 95, '2020-06-03 14:33:46', 'CHECK'),
(2354, 4, 94, '2020-06-03 14:33:52', 'CHECK'),
(2355, 4, 95, '2020-06-03 14:33:57', 'CHECK'),
(2356, 4, 95, '2020-06-03 14:34:02', 'CHECK'),
(2357, 4, 94, '2020-06-03 14:34:07', 'CHECK'),
(2358, 4, 94, '2020-06-03 14:34:12', 'CHECK'),
(2359, 4, 94, '2020-06-03 14:34:18', 'CHECK'),
(2360, 4, 94, '2020-06-03 14:34:23', 'CHECK'),
(2361, 4, 94, '2020-06-03 14:34:28', 'CHECK'),
(2362, 4, 94, '2020-06-03 14:34:33', 'CHECK'),
(2363, 4, 94, '2020-06-03 14:34:38', 'CHECK'),
(2364, 4, 94, '2020-06-03 14:34:44', 'CHECK'),
(2365, 4, 94, '2020-06-03 14:34:49', 'CHECK'),
(2366, 4, 94, '2020-06-03 14:34:54', 'CHECK'),
(2367, 4, 94, '2020-06-03 14:34:59', 'CHECK'),
(2368, 4, 94, '2020-06-03 14:35:05', 'CHECK'),
(2369, 4, 94, '2020-06-03 14:35:10', 'CHECK'),
(2370, 4, 94, '2020-06-03 14:35:15', 'CHECK'),
(2371, 4, 94, '2020-06-03 14:35:20', 'CHECK'),
(2372, 4, 94, '2020-06-03 14:35:25', 'CHECK'),
(2373, 4, 94, '2020-06-03 14:35:30', 'CHECK'),
(2374, 4, 94, '2020-06-03 14:35:36', 'CHECK'),
(2375, 4, 94, '2020-06-03 14:35:41', 'CHECK'),
(2376, 4, 94, '2020-06-03 14:35:46', 'CHECK'),
(2377, 4, 94, '2020-06-03 14:35:51', 'CHECK'),
(2378, 4, 94, '2020-06-03 14:35:56', 'CHECK'),
(2379, 4, 94, '2020-06-03 14:36:02', 'CHECK'),
(2380, 4, 94, '2020-06-03 14:36:07', 'CHECK'),
(2381, 4, 94, '2020-06-03 14:36:12', 'CHECK'),
(2382, 4, 93, '2020-06-03 14:36:17', 'CHECK'),
(2383, 4, 93, '2020-06-03 14:36:23', 'CHECK'),
(2384, 4, 93, '2020-06-03 14:36:28', 'CHECK'),
(2385, 4, 93, '2020-06-03 14:36:33', 'CHECK'),
(2386, 4, 93, '2020-06-03 14:36:39', 'CHECK'),
(2387, 4, 93, '2020-06-03 14:36:44', 'CHECK'),
(2388, 4, 93, '2020-06-03 14:36:49', 'CHECK'),
(2389, 4, 93, '2020-06-03 14:36:54', 'CHECK'),
(2390, 4, 93, '2020-06-03 14:37:00', 'CHECK'),
(2391, 4, 93, '2020-06-03 14:37:05', 'CHECK'),
(2392, 4, 93, '2020-06-03 14:37:10', 'CHECK'),
(2393, 4, 93, '2020-06-03 14:37:15', 'CHECK'),
(2394, 4, 93, '2020-06-03 14:37:21', 'CHECK'),
(2395, 4, 93, '2020-06-03 14:37:26', 'CHECK'),
(2396, 4, 93, '2020-06-03 14:37:31', 'CHECK'),
(2397, 4, 93, '2020-06-03 14:37:37', 'CHECK'),
(2398, 4, 93, '2020-06-03 14:37:42', 'CHECK'),
(2399, 4, 92, '2020-06-03 14:37:47', 'CHECK'),
(2400, 4, 92, '2020-06-03 14:37:52', 'CHECK'),
(2401, 4, 93, '2020-06-03 14:37:58', 'CHECK'),
(2402, 4, 93, '2020-06-03 14:38:03', 'CHECK'),
(2403, 4, 93, '2020-06-03 14:38:08', 'CHECK'),
(2404, 4, 93, '2020-06-03 14:38:13', 'CHECK'),
(2405, 4, 93, '2020-06-03 14:38:19', 'CHECK'),
(2406, 4, 93, '2020-06-03 14:38:24', 'CHECK'),
(2407, 4, 93, '2020-06-03 14:38:29', 'CHECK'),
(2408, 4, 93, '2020-06-03 14:38:35', 'CHECK'),
(2409, 4, 93, '2020-06-03 14:38:40', 'CHECK'),
(2410, 4, 93, '2020-06-03 14:38:45', 'CHECK'),
(2411, 4, 93, '2020-06-03 14:38:50', 'CHECK'),
(2412, 4, 93, '2020-06-03 14:38:56', 'CHECK'),
(2413, 4, 94, '2020-06-03 14:39:01', 'CHECK'),
(2414, 4, 94, '2020-06-03 14:39:06', 'CHECK'),
(2415, 4, 94, '2020-06-03 14:39:11', 'CHECK'),
(2416, 4, 94, '2020-06-03 14:39:17', 'CHECK'),
(2417, 4, 94, '2020-06-03 14:39:22', 'CHECK'),
(2418, 4, 94, '2020-06-03 14:39:27', 'CHECK'),
(2419, 4, 94, '2020-06-03 14:39:33', 'CHECK'),
(2420, 4, 94, '2020-06-03 14:39:38', 'CHECK'),
(2421, 4, 94, '2020-06-03 14:39:43', 'CHECK'),
(2422, 4, 94, '2020-06-03 14:39:48', 'CHECK'),
(2423, 4, 94, '2020-06-03 14:39:54', 'CHECK'),
(2424, 4, 94, '2020-06-03 14:39:59', 'CHECK'),
(2425, 4, 93, '2020-06-03 14:40:04', 'CHECK'),
(2426, 4, 93, '2020-06-03 14:40:09', 'CHECK'),
(2427, 4, 93, '2020-06-03 14:40:15', 'CHECK'),
(2428, 4, 93, '2020-06-03 14:40:20', 'CHECK'),
(2429, 4, 93, '2020-06-03 14:40:25', 'CHECK'),
(2430, 4, 93, '2020-06-03 14:40:31', 'CHECK'),
(2431, 4, 93, '2020-06-03 14:40:36', 'CHECK'),
(2432, 4, 93, '2020-06-03 14:40:41', 'CHECK'),
(2433, 4, 93, '2020-06-03 14:40:46', 'CHECK'),
(2434, 4, 93, '2020-06-03 14:40:52', 'CHECK'),
(2435, 4, 93, '2020-06-03 14:40:57', 'CHECK'),
(2436, 4, 93, '2020-06-03 14:41:02', 'CHECK'),
(2437, 4, 93, '2020-06-03 14:41:07', 'CHECK'),
(2438, 4, 93, '2020-06-03 14:41:13', 'CHECK'),
(2439, 4, 93, '2020-06-03 14:41:18', 'CHECK'),
(2440, 4, 94, '2020-06-03 14:41:23', 'CHECK'),
(2441, 4, 94, '2020-06-03 14:41:28', 'CHECK'),
(2442, 4, 94, '2020-06-03 14:41:33', 'CHECK'),
(2443, 4, 94, '2020-06-03 14:41:38', 'CHECK'),
(2444, 4, 94, '2020-06-03 14:41:44', 'CHECK'),
(2445, 4, 94, '2020-06-03 14:41:49', 'CHECK'),
(2446, 4, 94, '2020-06-03 14:41:54', 'CHECK'),
(2447, 4, 94, '2020-06-03 14:42:00', 'CHECK'),
(2448, 4, 94, '2020-06-03 14:42:05', 'CHECK'),
(2449, 4, 94, '2020-06-03 14:42:10', 'CHECK'),
(2450, 4, 94, '2020-06-03 14:42:15', 'CHECK'),
(2451, 4, 94, '2020-06-03 14:42:21', 'CHECK'),
(2452, 4, 95, '2020-06-03 14:42:26', 'CHECK'),
(2453, 4, 95, '2020-06-03 14:42:31', 'CHECK'),
(2454, 4, 95, '2020-06-03 14:42:36', 'CHECK'),
(2455, 4, 95, '2020-06-03 14:42:42', 'CHECK'),
(2456, 4, 95, '2020-06-03 14:42:47', 'CHECK'),
(2457, 4, 114, '2020-06-03 15:32:01', 'CHECK'),
(2458, 4, 114, '2020-06-03 15:32:06', 'CHECK'),
(2459, 4, 114, '2020-06-03 15:32:11', 'CHECK'),
(2460, 4, 114, '2020-06-03 15:32:17', 'CHECK'),
(2461, 4, 114, '2020-06-03 15:32:22', 'CHECK'),
(2462, 4, 114, '2020-06-03 15:32:27', 'CHECK'),
(2463, 4, 114, '2020-06-03 15:32:32', 'CHECK'),
(2464, 4, 114, '2020-06-03 15:32:38', 'CHECK'),
(2465, 4, 114, '2020-06-03 15:32:43', 'CHECK'),
(2466, 4, 114, '2020-06-03 15:32:48', 'CHECK'),
(2467, 4, 114, '2020-06-03 15:32:54', 'CHECK'),
(2468, 4, 114, '2020-06-03 15:32:59', 'CHECK'),
(2469, 4, 114, '2020-06-03 15:33:04', 'CHECK'),
(2470, 4, 114, '2020-06-03 15:33:09', 'CHECK'),
(2471, 4, 114, '2020-06-03 15:33:14', 'CHECK'),
(2472, 4, 114, '2020-06-03 15:33:20', 'CHECK'),
(2473, 4, 114, '2020-06-03 15:33:25', 'CHECK'),
(2474, 4, 114, '2020-06-03 15:33:30', 'CHECK'),
(2475, 4, 114, '2020-06-03 15:33:35', 'CHECK'),
(2476, 4, 114, '2020-06-03 15:33:40', 'CHECK'),
(2477, 4, 114, '2020-06-03 15:33:45', 'CHECK'),
(2478, 4, 114, '2020-06-03 15:33:51', 'CHECK'),
(2479, 4, 114, '2020-06-03 15:33:56', 'CHECK'),
(2480, 4, 114, '2020-06-03 15:34:01', 'CHECK'),
(2481, 4, 114, '2020-06-03 15:34:06', 'CHECK'),
(2482, 4, 114, '2020-06-03 15:34:12', 'CHECK'),
(2483, 4, 114, '2020-06-03 15:34:17', 'CHECK'),
(2484, 4, 114, '2020-06-03 15:34:22', 'CHECK'),
(2485, 4, 114, '2020-06-03 15:34:27', 'CHECK'),
(2486, 4, 114, '2020-06-03 15:34:33', 'CHECK'),
(2487, 4, 114, '2020-06-03 15:34:38', 'CHECK'),
(2488, 4, 114, '2020-06-03 15:34:43', 'CHECK'),
(2489, 4, 114, '2020-06-03 15:34:48', 'CHECK'),
(2490, 4, 114, '2020-06-03 15:34:54', 'CHECK'),
(2491, 4, 114, '2020-06-03 15:34:59', 'CHECK'),
(2492, 4, 114, '2020-06-03 15:35:04', 'CHECK'),
(2493, 4, 114, '2020-06-03 15:35:09', 'CHECK'),
(2494, 4, 114, '2020-06-03 15:35:15', 'CHECK'),
(2495, 4, 114, '2020-06-03 15:35:20', 'CHECK'),
(2496, 4, 114, '2020-06-03 15:35:25', 'CHECK'),
(2497, 4, 114, '2020-06-03 15:35:31', 'CHECK'),
(2498, 4, 114, '2020-06-03 15:35:36', 'CHECK'),
(2499, 4, 114, '2020-06-03 15:35:41', 'CHECK'),
(2500, 4, 114, '2020-06-03 15:35:46', 'CHECK'),
(2501, 4, 114, '2020-06-03 15:35:52', 'CHECK'),
(2502, 4, 114, '2020-06-03 15:35:57', 'CHECK'),
(2503, 4, 114, '2020-06-03 15:36:02', 'CHECK'),
(2504, 4, 114, '2020-06-03 15:36:07', 'CHECK'),
(2505, 4, 114, '2020-06-03 15:36:13', 'CHECK'),
(2506, 4, 114, '2020-06-03 15:36:18', 'CHECK'),
(2507, 4, 114, '2020-06-03 15:36:23', 'CHECK'),
(2508, 4, 114, '2020-06-03 15:36:28', 'CHECK'),
(2509, 4, 114, '2020-06-03 15:36:34', 'CHECK'),
(2510, 4, 114, '2020-06-03 15:36:39', 'CHECK'),
(2511, 4, 114, '2020-06-03 15:36:44', 'CHECK'),
(2512, 4, 114, '2020-06-03 15:36:49', 'CHECK'),
(2513, 4, 114, '2020-06-03 15:36:54', 'CHECK'),
(2514, 4, 114, '2020-06-03 15:36:59', 'CHECK'),
(2515, 4, 114, '2020-06-03 15:37:05', 'CHECK'),
(2516, 4, 114, '2020-06-03 15:37:10', 'CHECK'),
(2517, 4, 114, '2020-06-03 15:37:15', 'CHECK'),
(2518, 4, 114, '2020-06-03 15:37:20', 'CHECK'),
(2519, 4, 114, '2020-06-03 15:37:26', 'CHECK'),
(2520, 4, 114, '2020-06-03 15:37:31', 'CHECK'),
(2521, 4, 114, '2020-06-03 15:37:36', 'CHECK'),
(2522, 4, 114, '2020-06-03 15:37:41', 'CHECK'),
(2523, 4, 114, '2020-06-03 15:37:47', 'CHECK'),
(2524, 4, 114, '2020-06-03 15:37:52', 'CHECK'),
(2525, 4, 114, '2020-06-03 15:37:57', 'CHECK'),
(2526, 4, 114, '2020-06-03 15:38:03', 'CHECK'),
(2527, 4, 114, '2020-06-03 15:38:08', 'CHECK'),
(2528, 4, 114, '2020-06-03 15:38:13', 'CHECK'),
(2529, 4, 114, '2020-06-03 15:38:18', 'CHECK'),
(2530, 4, 114, '2020-06-03 15:38:24', 'CHECK'),
(2531, 4, 114, '2020-06-03 15:38:29', 'CHECK'),
(2532, 4, 114, '2020-06-03 15:38:34', 'CHECK'),
(2533, 4, 114, '2020-06-03 15:38:39', 'CHECK'),
(2534, 4, 114, '2020-06-03 15:38:45', 'CHECK'),
(2535, 4, 114, '2020-06-03 15:38:50', 'CHECK'),
(2536, 4, 114, '2020-06-03 15:38:55', 'CHECK'),
(2537, 4, 114, '2020-06-03 15:39:00', 'CHECK'),
(2538, 4, 114, '2020-06-03 15:39:05', 'CHECK'),
(2539, 4, 114, '2020-06-03 15:39:11', 'CHECK'),
(2540, 4, 114, '2020-06-03 15:39:25', 'CHECK'),
(2541, 4, 114, '2020-06-03 15:39:30', 'CHECK'),
(2542, 4, 114, '2020-06-03 15:39:35', 'CHECK'),
(2543, 4, 114, '2020-06-03 15:39:40', 'CHECK'),
(2544, 4, 113, '2020-06-03 15:39:46', 'CHECK'),
(2545, 4, 114, '2020-06-03 15:39:51', 'CHECK'),
(2546, 4, 113, '2020-06-03 15:39:56', 'CHECK'),
(2547, 4, 114, '2020-06-03 15:40:01', 'CHECK'),
(2548, 4, 113, '2020-06-03 15:40:07', 'CHECK'),
(2549, 4, 113, '2020-06-03 15:40:12', 'CHECK'),
(2550, 4, 113, '2020-06-03 15:40:17', 'CHECK'),
(2551, 4, 113, '2020-06-03 15:40:22', 'CHECK'),
(2552, 4, 113, '2020-06-03 15:40:28', 'CHECK'),
(2553, 4, 113, '2020-06-03 15:40:33', 'CHECK'),
(2554, 4, 113, '2020-06-03 15:40:38', 'CHECK'),
(2555, 4, 113, '2020-06-03 15:40:44', 'CHECK'),
(2556, 4, 113, '2020-06-03 15:40:49', 'CHECK'),
(2557, 4, 113, '2020-06-03 15:40:54', 'CHECK'),
(2558, 4, 113, '2020-06-03 15:40:59', 'CHECK'),
(2559, 4, 113, '2020-06-03 15:41:05', 'CHECK'),
(2560, 4, 113, '2020-06-03 15:41:10', 'CHECK'),
(2561, 4, 113, '2020-06-03 15:41:15', 'CHECK'),
(2562, 4, 113, '2020-06-03 15:41:20', 'CHECK'),
(2563, 4, 113, '2020-06-03 15:41:26', 'CHECK'),
(2564, 4, 113, '2020-06-03 15:41:31', 'CHECK'),
(2565, 4, 113, '2020-06-03 15:41:36', 'CHECK'),
(2566, 4, 113, '2020-06-03 15:41:42', 'CHECK'),
(2567, 4, 113, '2020-06-03 15:41:47', 'CHECK'),
(2568, 4, 112, '2020-06-03 15:41:52', 'CHECK'),
(2569, 4, 112, '2020-06-03 15:41:57', 'CHECK'),
(2570, 4, 112, '2020-06-03 15:42:03', 'CHECK'),
(2571, 4, 112, '2020-06-03 15:42:08', 'CHECK'),
(2572, 4, 112, '2020-06-03 15:42:13', 'CHECK'),
(2573, 4, 112, '2020-06-03 15:42:18', 'CHECK'),
(2574, 4, 112, '2020-06-03 15:42:24', 'CHECK'),
(2575, 4, 112, '2020-06-03 15:42:29', 'CHECK'),
(2576, 4, 112, '2020-06-03 15:42:34', 'CHECK'),
(2577, 4, 112, '2020-06-03 15:42:40', 'CHECK'),
(2578, 4, 112, '2020-06-03 15:42:45', 'CHECK'),
(2579, 4, 112, '2020-06-03 15:42:50', 'CHECK'),
(2580, 4, 112, '2020-06-03 15:42:55', 'CHECK'),
(2581, 4, 112, '2020-06-03 15:43:01', 'CHECK'),
(2582, 4, 112, '2020-06-03 15:43:06', 'CHECK'),
(2583, 4, 112, '2020-06-03 15:43:11', 'CHECK'),
(2584, 4, 112, '2020-06-03 15:43:16', 'CHECK'),
(2585, 4, 112, '2020-06-03 15:43:22', 'CHECK'),
(2586, 4, 112, '2020-06-03 15:43:27', 'CHECK'),
(2587, 4, 112, '2020-06-03 15:43:32', 'CHECK'),
(2588, 4, 111, '2020-06-03 15:43:38', 'CHECK'),
(2589, 4, 111, '2020-06-03 15:43:43', 'CHECK'),
(2590, 4, 111, '2020-06-03 15:43:48', 'CHECK'),
(2591, 4, 112, '2020-06-03 15:43:53', 'CHECK'),
(2592, 4, 111, '2020-06-03 15:43:59', 'CHECK'),
(2593, 4, 111, '2020-06-03 15:44:04', 'CHECK'),
(2594, 4, 111, '2020-06-03 15:44:09', 'CHECK'),
(2595, 4, 111, '2020-06-03 15:44:14', 'CHECK'),
(2596, 4, 111, '2020-06-03 15:44:20', 'CHECK'),
(2597, 4, 111, '2020-06-03 15:44:25', 'CHECK'),
(2598, 4, 111, '2020-06-03 15:44:30', 'CHECK'),
(2599, 4, 111, '2020-06-03 15:44:35', 'CHECK'),
(2600, 4, 111, '2020-06-03 15:44:41', 'CHECK'),
(2601, 4, 111, '2020-06-03 15:44:46', 'CHECK'),
(2602, 4, 111, '2020-06-03 15:44:51', 'CHECK'),
(2603, 4, 111, '2020-06-03 15:44:57', 'CHECK'),
(2604, 4, 112, '2020-06-03 15:45:02', 'CHECK'),
(2605, 4, 111, '2020-06-03 15:45:07', 'CHECK'),
(2606, 4, 112, '2020-06-03 15:45:12', 'CHECK'),
(2607, 4, 112, '2020-06-03 15:45:18', 'CHECK'),
(2608, 4, 112, '2020-06-03 15:45:23', 'CHECK'),
(2609, 4, 112, '2020-06-03 15:45:28', 'CHECK'),
(2610, 4, 112, '2020-06-03 15:45:33', 'CHECK'),
(2611, 4, 112, '2020-06-03 15:45:39', 'CHECK'),
(2612, 4, 112, '2020-06-03 15:45:44', 'CHECK'),
(2613, 4, 112, '2020-06-03 15:45:49', 'CHECK'),
(2614, 4, 112, '2020-06-03 15:45:55', 'CHECK'),
(2615, 4, 112, '2020-06-03 15:46:00', 'CHECK'),
(2616, 4, 112, '2020-06-03 15:46:05', 'CHECK'),
(2617, 4, 112, '2020-06-03 15:46:10', 'CHECK'),
(2618, 4, 112, '2020-06-03 15:46:16', 'CHECK'),
(2619, 4, 113, '2020-06-03 15:46:21', 'CHECK'),
(2620, 4, 113, '2020-06-03 15:46:26', 'CHECK'),
(2621, 4, 113, '2020-06-03 15:46:31', 'CHECK'),
(2622, 4, 113, '2020-06-03 15:46:37', 'CHECK'),
(2623, 4, 113, '2020-06-03 15:46:42', 'CHECK'),
(2624, 4, 113, '2020-06-03 15:46:47', 'CHECK'),
(2625, 4, 113, '2020-06-03 15:46:52', 'CHECK'),
(2626, 4, 114, '2020-06-03 15:46:57', 'CHECK'),
(2627, 4, 114, '2020-06-03 15:47:02', 'CHECK'),
(2628, 4, 114, '2020-06-03 15:47:08', 'CHECK'),
(2629, 4, 114, '2020-06-03 15:47:13', 'CHECK'),
(2630, 4, 114, '2020-06-03 15:47:18', 'CHECK'),
(2631, 4, 114, '2020-06-03 15:47:23', 'CHECK'),
(2632, 4, 114, '2020-06-03 15:47:28', 'CHECK'),
(2633, 4, 114, '2020-06-03 15:47:34', 'CHECK'),
(2634, 4, 115, '2020-06-03 15:47:39', 'CHECK'),
(2635, 4, 115, '2020-06-03 15:47:44', 'CHECK'),
(2636, 5, 0, '2020-06-03 15:47:47', 'ON'),
(2637, 5, 0, '2020-06-03 15:47:48', 'ON'),
(2638, 4, 115, '2020-06-03 15:47:50', 'CHECK'),
(2639, 5, 0, '2020-06-03 15:47:50', 'ON'),
(2640, 5, 0, '2020-06-03 15:47:51', 'ON'),
(2641, 5, 0, '2020-06-03 15:47:52', 'ON'),
(2642, 5, 0, '2020-06-03 15:47:54', 'ON'),
(2643, 5, 0, '2020-06-03 15:47:55', 'ON'),
(2644, 4, 115, '2020-06-03 15:47:55', 'CHECK'),
(2645, 5, 0, '2020-06-03 15:47:56', 'ON'),
(2646, 5, 0, '2020-06-03 15:47:57', 'ON'),
(2647, 5, 0, '2020-06-03 15:47:59', 'ON'),
(2648, 5, 0, '2020-06-03 15:48:00', 'ON'),
(2649, 4, 115, '2020-06-03 15:48:00', 'CHECK'),
(2650, 5, 0, '2020-06-03 15:48:01', 'ON'),
(2651, 5, 0, '2020-06-03 15:48:02', 'ON'),
(2652, 5, 0, '2020-06-03 15:48:03', 'ON'),
(2653, 5, 0, '2020-06-03 15:48:04', 'ON'),
(2654, 4, 115, '2020-06-03 15:48:05', 'CHECK'),
(2655, 5, 0, '2020-06-03 15:48:06', 'ON'),
(2656, 5, 0, '2020-06-03 15:48:07', 'ON'),
(2657, 5, 0, '2020-06-03 15:48:08', 'ON'),
(2658, 5, 0, '2020-06-03 15:48:10', 'ON'),
(2659, 4, 115, '2020-06-03 15:48:10', 'CHECK'),
(2660, 5, 0, '2020-06-03 15:48:11', 'ON'),
(2661, 5, 0, '2020-06-03 15:48:12', 'ON'),
(2662, 5, 0, '2020-06-03 15:48:13', 'ON'),
(2663, 5, 0, '2020-06-03 15:48:15', 'ON'),
(2664, 4, 116, '2020-06-03 15:48:16', 'CHECK'),
(2665, 5, 0, '2020-06-03 15:48:16', 'ON'),
(2666, 5, 0, '2020-06-03 15:48:17', 'ON'),
(2667, 5, 0, '2020-06-03 15:48:18', 'ON'),
(2668, 5, 0, '2020-06-03 15:48:19', 'ON'),
(2669, 5, 0, '2020-06-03 15:48:20', 'ON'),
(2670, 4, 116, '2020-06-03 15:48:21', 'CHECK'),
(2671, 5, 0, '2020-06-03 15:48:22', 'ON'),
(2672, 4, 116, '2020-06-03 15:48:43', 'CHECK'),
(2673, 4, 116, '2020-06-03 15:48:48', 'CHECK'),
(2674, 4, 117, '2020-06-03 15:48:54', 'CHECK'),
(2675, 4, 117, '2020-06-03 15:48:59', 'CHECK'),
(2676, 4, 117, '2020-06-03 15:49:04', 'CHECK'),
(2677, 4, 117, '2020-06-03 15:49:09', 'CHECK'),
(2678, 4, 117, '2020-06-03 15:49:15', 'CHECK'),
(2679, 4, 117, '2020-06-03 15:49:20', 'CHECK'),
(2680, 4, 117, '2020-06-03 15:49:25', 'CHECK'),
(2681, 4, 117, '2020-06-03 15:49:30', 'CHECK'),
(2682, 4, 118, '2020-06-03 15:49:36', 'CHECK'),
(2683, 4, 118, '2020-06-03 15:49:41', 'CHECK'),
(2684, 4, 118, '2020-06-03 15:49:46', 'CHECK'),
(2685, 4, 118, '2020-06-03 15:49:52', 'CHECK'),
(2686, 4, 118, '2020-06-03 15:49:57', 'CHECK'),
(2687, 4, 118, '2020-06-03 15:50:02', 'CHECK'),
(2688, 4, 118, '2020-06-03 15:50:07', 'CHECK'),
(2689, 4, 118, '2020-06-03 15:50:13', 'CHECK'),
(2690, 4, 118, '2020-06-03 15:50:18', 'CHECK'),
(2691, 4, 118, '2020-06-03 15:50:23', 'CHECK'),
(2692, 4, 118, '2020-06-03 15:50:28', 'CHECK'),
(2693, 4, 118, '2020-06-03 15:50:34', 'CHECK'),
(2694, 4, 118, '2020-06-03 15:50:39', 'CHECK'),
(2695, 4, 119, '2020-06-03 15:50:44', 'CHECK'),
(2696, 4, 119, '2020-06-03 15:50:50', 'CHECK'),
(2697, 4, 119, '2020-06-03 15:50:55', 'CHECK'),
(2698, 4, 119, '2020-06-03 15:51:00', 'CHECK'),
(2699, 4, 119, '2020-06-03 15:51:05', 'CHECK'),
(2700, 4, 119, '2020-06-03 15:51:11', 'CHECK'),
(2701, 4, 119, '2020-06-03 15:51:16', 'CHECK'),
(2702, 4, 119, '2020-06-03 15:51:21', 'CHECK'),
(2703, 4, 119, '2020-06-03 15:51:26', 'CHECK'),
(2704, 4, 119, '2020-06-03 15:51:32', 'CHECK'),
(2705, 4, 119, '2020-06-03 15:51:37', 'CHECK'),
(2706, 4, 120, '2020-06-03 15:53:29', 'CHECK'),
(2707, 4, 120, '2020-06-03 15:53:34', 'CHECK'),
(2708, 4, 120, '2020-06-03 15:53:40', 'CHECK'),
(2709, 4, 120, '2020-06-03 15:53:45', 'CHECK'),
(2710, 4, 120, '2020-06-03 15:53:50', 'CHECK'),
(2711, 4, 121, '2020-06-03 15:53:55', 'CHECK'),
(2712, 4, 121, '2020-06-03 15:54:01', 'CHECK'),
(2713, 4, 121, '2020-06-03 15:54:06', 'CHECK'),
(2714, 4, 121, '2020-06-03 15:54:11', 'CHECK'),
(2715, 4, 121, '2020-06-03 15:54:16', 'CHECK'),
(2716, 4, 121, '2020-06-03 15:54:22', 'CHECK'),
(2717, 4, 121, '2020-06-03 15:54:27', 'CHECK'),
(2718, 4, 121, '2020-06-03 15:54:32', 'CHECK'),
(2719, 4, 121, '2020-06-03 15:54:38', 'CHECK'),
(2720, 4, 121, '2020-06-03 15:54:43', 'CHECK'),
(2721, 4, 122, '2020-06-03 15:54:48', 'CHECK'),
(2722, 4, 122, '2020-06-03 15:54:53', 'CHECK'),
(2723, 4, 122, '2020-06-03 15:54:59', 'CHECK'),
(2724, 4, 122, '2020-06-03 15:55:04', 'CHECK'),
(2725, 4, 122, '2020-06-03 15:55:09', 'CHECK'),
(2726, 4, 122, '2020-06-03 15:55:14', 'CHECK'),
(2727, 4, 122, '2020-06-03 15:55:20', 'CHECK'),
(2728, 4, 122, '2020-06-03 15:55:25', 'CHECK'),
(2729, 4, 123, '2020-06-03 15:55:30', 'CHECK'),
(2730, 4, 123, '2020-06-03 15:55:36', 'CHECK'),
(2731, 4, 123, '2020-06-03 15:55:41', 'CHECK'),
(2732, 4, 123, '2020-06-03 15:55:46', 'CHECK'),
(2733, 4, 123, '2020-06-03 15:55:51', 'CHECK'),
(2734, 4, 123, '2020-06-03 15:55:57', 'CHECK'),
(2735, 4, 123, '2020-06-03 15:56:02', 'CHECK'),
(2736, 4, 123, '2020-06-03 15:56:07', 'CHECK'),
(2737, 4, 123, '2020-06-03 15:56:12', 'CHECK'),
(2738, 4, 123, '2020-06-03 15:56:18', 'CHECK'),
(2739, 4, 123, '2020-06-03 15:56:23', 'CHECK'),
(2740, 4, 123, '2020-06-03 15:56:28', 'CHECK'),
(2741, 4, 123, '2020-06-03 15:56:33', 'CHECK'),
(2742, 4, 123, '2020-06-03 15:56:39', 'CHECK'),
(2743, 4, 123, '2020-06-03 15:56:44', 'CHECK'),
(2744, 4, 123, '2020-06-03 15:56:49', 'CHECK'),
(2745, 4, 123, '2020-06-03 15:56:55', 'CHECK'),
(2746, 4, 123, '2020-06-03 15:57:00', 'CHECK'),
(2747, 4, 123, '2020-06-03 15:57:05', 'CHECK'),
(2748, 4, 123, '2020-06-03 15:57:10', 'CHECK'),
(2749, 4, 123, '2020-06-03 15:57:16', 'CHECK'),
(2750, 4, 123, '2020-06-03 15:57:21', 'CHECK'),
(2751, 4, 123, '2020-06-03 15:57:26', 'CHECK'),
(2752, 4, 123, '2020-06-03 15:57:31', 'CHECK'),
(2753, 4, 123, '2020-06-03 15:57:37', 'CHECK'),
(2754, 4, 122, '2020-06-03 15:57:42', 'CHECK'),
(2755, 4, 123, '2020-06-03 15:57:47', 'CHECK'),
(2756, 5, 0, '2020-06-03 18:01:22', 'ON'),
(2757, 5, 0, '2020-06-03 18:01:24', 'ON'),
(2758, 5, 0, '2020-06-03 18:01:25', 'ON'),
(2759, 5, 0, '2020-06-03 18:01:26', 'ON'),
(2760, 5, 0, '2020-06-03 18:01:27', 'ON'),
(2761, 1, 168, '2020-06-03 18:24:03', 'REMOVE'),
(2763, 1, 51, '2020-06-04 09:22:26', 'REMOVE'),
(2764, 1, 11, '2020-06-04 09:44:14', 'REMOVE'),
(2765, 1, 8, '2020-06-04 09:44:28', 'REMOVE'),
(2766, 1, 7, '2020-06-04 09:44:30', 'REMOVE'),
(2769, 1, 83, '2020-06-04 09:45:24', 'REMOVE'),
(2770, 1, 3, '2020-06-04 09:45:26', 'REMOVE'),
(2772, 5, 0, '2020-06-04 10:20:23', 'ON'),
(2773, 5, 0, '2020-06-04 10:20:24', 'ON'),
(2774, 5, 0, '2020-06-04 10:20:25', 'ON'),
(2775, 5, 0, '2020-06-04 10:20:26', 'OFF'),
(2776, 1, 10, '2020-06-04 10:20:27', 'ADD'),
(2777, 1, 23, '2020-06-04 10:20:27', 'REMOVE'),
(2778, 1, 154, '2020-06-04 10:20:29', 'REMOVE'),
(2779, 1, 192, '2020-06-04 10:34:23', 'REMOVE'),
(2783, 1, 208, '2020-06-04 10:35:03', 'REMOVE'),
(2784, 5, 0, '2020-06-04 11:19:32', 'ON'),
(2785, 5, 0, '2020-06-04 11:19:33', 'ON'),
(2786, 5, 0, '2020-06-04 11:19:34', 'ON'),
(2787, 5, 0, '2020-06-04 11:19:35', 'OFF'),
(2788, 1, 10, '2020-06-04 11:19:36', 'ADD'),
(2789, 1, 57, '2020-06-04 11:19:37', 'REMOVE'),
(2790, 1, 64, '2020-06-04 11:19:38', 'REMOVE'),
(2791, 1, 1, '2020-06-04 11:20:47', 'REMOVE'),
(2792, 1, 2, '2020-06-04 11:24:46', 'REMOVE'),
(2793, 1, 1, '2020-06-04 13:47:26', 'REMOVE'),
(2794, 1, 42, '2020-06-04 13:50:33', 'REMOVE'),
(2795, 1, 2, '2020-06-04 13:50:48', 'REMOVE'),
(2796, 1, 2, '2020-06-04 13:51:58', 'REMOVE'),
(2797, 1, 1, '2020-06-04 13:52:10', 'REMOVE'),
(2798, 1, 3, '2020-06-04 13:52:12', 'REMOVE'),
(2799, 1, 1, '2020-06-04 13:52:14', 'REMOVE'),
(2800, 1, 33, '2020-06-04 13:52:26', 'REMOVE'),
(2801, 4, 687, '2020-06-04 14:27:23', 'CHECK'),
(2802, 4, 638, '2020-06-04 14:27:28', 'CHECK'),
(2803, 4, 586, '2020-06-04 14:28:43', 'CHECK'),
(2804, 4, 648, '2020-06-04 14:29:34', 'CHECK'),
(2805, 4, 535, '2020-06-04 14:30:39', 'CHECK'),
(2806, 4, 676, '2020-06-04 14:31:44', 'CHECK'),
(2807, 4, 634, '2020-06-04 14:32:30', 'CHECK'),
(2808, 4, 675, '2020-06-04 14:36:05', 'CHECK'),
(2809, 4, 629, '2020-06-04 14:36:55', 'CHECK'),
(2810, 1, 5, '2020-06-04 14:37:24', 'REMOVE'),
(2811, 4, 691, '2020-06-04 14:37:26', 'CHECK'),
(2812, 1, 2, '2020-06-04 14:37:29', 'REMOVE'),
(2813, 1, 1, '2020-06-04 14:37:30', 'REMOVE'),
(2814, 4, 652, '2020-06-04 14:37:31', 'CHECK'),
(2815, 1, 3, '2020-06-04 14:37:31', 'REMOVE'),
(2816, 1, 6, '2020-06-04 14:37:33', 'REMOVE'),
(2817, 4, 632, '2020-06-04 14:37:46', 'CHECK'),
(2818, 1, 4, '2020-06-04 14:37:46', 'REMOVE'),
(2819, 1, 1, '2020-06-04 14:37:48', 'REMOVE'),
(2820, 1, 15, '2020-06-04 14:37:52', 'REMOVE'),
(2821, 4, 609, '2020-06-04 14:57:53', 'CHECK'),
(2822, 5, 0, '2020-06-04 15:04:55', 'ON'),
(2823, 5, 0, '2020-06-04 15:04:56', 'ON'),
(2824, 5, 0, '2020-06-04 15:04:57', 'ON'),
(2825, 5, 0, '2020-06-04 15:04:59', 'ON'),
(2826, 5, 0, '2020-06-04 15:05:00', 'ON'),
(2827, 5, 0, '2020-06-04 15:05:01', 'ON'),
(2828, 5, 0, '2020-06-04 15:05:03', 'ON'),
(2829, 5, 0, '2020-06-04 15:05:04', 'ON'),
(2830, 5, 0, '2020-06-04 15:05:05', 'ON'),
(2831, 5, 0, '2020-06-04 15:05:06', 'ON'),
(2832, 5, 0, '2020-06-04 15:05:08', 'ON'),
(2833, 5, 0, '2020-06-04 15:05:09', 'ON'),
(2834, 5, 0, '2020-06-04 15:05:10', 'ON'),
(2835, 5, 0, '2020-06-04 15:05:11', 'ON'),
(2836, 5, 0, '2020-06-04 15:05:12', 'ON'),
(2837, 5, 0, '2020-06-04 15:05:14', 'ON'),
(2838, 5, 0, '2020-06-04 15:05:15', 'ON'),
(2839, 5, 0, '2020-06-04 15:05:16', 'ON'),
(2840, 5, 0, '2020-06-04 15:05:17', 'ON'),
(2841, 5, 0, '2020-06-04 15:05:19', 'OFF'),
(2842, 1, 36, '2020-06-04 15:05:19', 'REMOVE'),
(2843, 1, 10, '2020-06-04 15:05:19', 'ADD'),
(2844, 1, 10, '2020-06-04 15:05:19', 'ADD'),
(2845, 5, 0, '2020-06-04 15:10:24', 'ON'),
(2846, 5, 0, '2020-06-04 15:10:25', 'ON'),
(2847, 5, 0, '2020-06-04 15:10:26', 'ON'),
(2848, 5, 0, '2020-06-04 15:10:28', 'ON'),
(2849, 5, 0, '2020-06-04 15:10:29', 'ON'),
(2850, 5, 0, '2020-06-04 15:11:06', 'ON'),
(2851, 5, 0, '2020-06-04 15:11:07', 'ON'),
(2852, 5, 0, '2020-06-04 15:11:08', 'ON'),
(2853, 1, 118, '2020-06-06 14:18:59', 'REMOVE'),
(2854, 1, 17, '2020-06-06 14:19:14', 'REMOVE'),
(2855, 5, 0, '2020-06-06 14:19:39', 'ON'),
(2856, 5, 0, '2020-06-06 14:19:40', 'ON'),
(2857, 5, 0, '2020-06-06 14:19:41', 'ON'),
(2858, 5, 0, '2020-06-06 14:19:43', 'OFF'),
(2859, 1, 105, '2020-06-06 14:19:43', 'REMOVE'),
(2860, 1, 10, '2020-06-06 14:19:43', 'ADD'),
(2861, 5, 0, '2020-06-06 14:21:00', 'ON'),
(2862, 5, 0, '2020-06-06 14:21:01', 'ON'),
(2863, 5, 0, '2020-06-06 14:21:03', 'ON'),
(2864, 5, 0, '2020-06-06 14:21:04', 'ON'),
(2865, 1, 28, '2020-06-06 14:21:04', 'REMOVE'),
(2866, 5, 0, '2020-06-06 14:21:05', 'ON'),
(2867, 5, 0, '2020-06-06 14:21:06', 'ON'),
(2868, 5, 0, '2020-06-06 14:21:08', 'ON'),
(2869, 1, 86, '2020-06-06 14:21:09', 'REMOVE'),
(2870, 5, 0, '2020-06-06 14:21:09', 'ON'),
(2871, 5, 0, '2020-06-06 14:21:10', 'ON'),
(2872, 5, 0, '2020-06-06 14:21:11', 'ON'),
(2873, 5, 0, '2020-06-06 14:21:12', 'ON'),
(2874, 5, 0, '2020-06-06 14:21:14', 'OFF'),
(2875, 1, 41, '2020-06-06 14:21:14', 'REMOVE'),
(2876, 1, 100, '2020-06-06 14:21:14', 'ADD'),
(2877, 1, 123, '2020-06-06 14:21:15', 'REMOVE'),
(2878, 1, 154, '2020-06-06 14:21:27', 'REMOVE'),
(2879, 1, 102, '2020-06-06 14:21:30', 'REMOVE'),
(2880, 1, 409, '2020-06-06 14:21:36', 'REMOVE'),
(2881, 1, 596, '2020-06-06 14:21:40', 'REMOVE'),
(2882, 1, 107, '2020-06-06 17:38:32', 'REMOVE'),
(2883, 5, 0, '2020-06-06 19:10:49', 'ON'),
(2884, 5, 0, '2020-06-06 19:10:50', 'ON'),
(2885, 5, 0, '2020-06-06 19:10:52', 'ON'),
(2886, 5, 0, '2020-06-06 19:10:53', 'OFF'),
(2887, 1, 10, '2020-06-06 19:10:53', 'ADD'),
(2888, 1, 278, '2020-06-06 19:10:54', 'REMOVE'),
(2889, 1, 10, '2020-06-06 19:11:20', 'ADD'),
(2890, 5, 0, '2020-06-06 19:11:20', 'ON'),
(2891, 5, 0, '2020-06-06 19:11:21', 'ON'),
(2892, 5, 0, '2020-06-06 19:11:23', 'ON'),
(2893, 5, 0, '2020-06-06 19:11:24', 'ON'),
(2894, 5, 0, '2020-06-06 19:11:25', 'OFF'),
(2895, 1, 9, '2020-06-06 19:11:26', 'REMOVE'),
(2896, 1, 284, '2020-06-06 19:11:27', 'REMOVE'),
(2897, 1, 3, '2020-06-06 19:11:34', 'REMOVE'),
(2898, 1, 1, '2020-06-06 19:13:08', 'ADD'),
(2899, 5, 0, '2020-06-06 19:13:08', 'ON'),
(2900, 5, 0, '2020-06-06 19:13:09', 'ON'),
(2901, 5, 0, '2020-06-06 19:13:10', 'ON'),
(2902, 5, 0, '2020-06-06 19:13:12', 'ON'),
(2903, 5, 0, '2020-06-06 19:13:13', 'ON'),
(2904, 5, 0, '2020-06-06 19:13:14', 'ON'),
(2905, 5, 0, '2020-06-06 19:13:15', 'OFF'),
(2906, 1, 17, '2020-06-06 19:13:16', 'REMOVE'),
(2907, 1, 25, '2020-06-06 19:13:17', 'REMOVE'),
(2908, 1, 2, '2020-06-06 19:14:47', 'REMOVE'),
(2909, 1, 44, '2020-06-08 09:34:26', 'REMOVE'),
(2910, 4, 515, '2020-06-09 14:12:07', 'CHECK'),
(2911, 4, 564, '2020-06-09 14:13:52', 'CHECK'),
(2912, 1, 3, '2020-06-09 15:04:43', 'REMOVE'),
(2913, 1, 61, '2020-06-10 15:41:49', 'REMOVE'),
(2914, 1, 74, '2020-06-10 15:47:46', 'REMOVE'),
(2915, 1, 3, '2020-06-10 18:04:58', 'REMOVE'),
(2916, 1, 1, '2020-06-10 18:05:01', 'REMOVE'),
(2917, 1, 17, '2020-06-10 18:05:05', 'REMOVE'),
(2918, 4, 564, '2020-06-10 18:22:56', 'CHECK'),
(2919, 4, 540, '2020-06-10 18:28:36', 'CHECK'),
(2920, 4, 611, '2020-06-10 18:28:41', 'CHECK'),
(2921, 4, 608, '2020-06-10 18:28:47', 'CHECK'),
(2922, 4, 604, '2020-06-10 18:28:52', 'CHECK'),
(2923, 4, 595, '2020-06-10 18:28:57', 'CHECK'),
(2924, 1, 43, '2020-06-11 09:04:21', 'REMOVE'),
(2925, 5, 0, '2020-06-11 09:14:08', 'ON'),
(2926, 5, 0, '2020-06-11 09:14:10', 'ON'),
(2927, 5, 0, '2020-06-11 09:14:11', 'OFF'),
(2928, 1, 10, '2020-06-11 09:14:11', 'ADD'),
(2929, 1, 29, '2020-06-11 09:14:12', 'REMOVE'),
(2930, 5, 0, '2020-06-11 10:18:00', 'ON'),
(2931, 5, 0, '2020-06-11 10:18:02', 'ON'),
(2932, 5, 0, '2020-06-11 10:18:03', 'ON'),
(2933, 5, 0, '2020-06-11 10:18:04', 'ON'),
(2934, 5, 0, '2020-06-11 10:18:06', 'ON'),
(2935, 5, 0, '2020-06-11 10:18:07', 'OFF'),
(2936, 1, 10, '2020-06-11 10:18:08', 'ADD'),
(2937, 1, 67, '2020-06-11 10:18:09', 'REMOVE');

-- --------------------------------------------------------

--
-- Table structure for table `tbl_settings`
--

CREATE TABLE `tbl_settings` (
  `IDsettings` int(11) NOT NULL,
  `daily_goal` int(11) NOT NULL,
  `daily_range` int(11) NOT NULL,
  `opslag` float NOT NULL,
  `appname` varchar(45) NOT NULL,
  `datum` datetime NOT NULL DEFAULT current_timestamp()
) ENGINE=InnoDB DEFAULT CHARSET=utf8mb4;

--
-- Dumping data for table `tbl_settings`
--

INSERT INTO `tbl_settings` (`IDsettings`, `daily_goal`, `daily_range`, `opslag`, `appname`, `datum`) VALUES
(1, 4000, 1000, 0, 'SmartPET', '2020-05-21 15:55:39'),
(2, 2500, 500, 40, 'smartpet', '2020-06-10 00:00:00'),
(3, 2500, 500, 10, 'smartpet', '2020-06-10 21:57:14'),
(4, 2500, 500, 20, 'SmartPET', '2020-06-10 22:04:37'),
(5, 2500, 500, 70, 'SmartPET', '2020-06-10 23:37:45'),
(6, 2500, 500, 120, 'SmartPET', '2020-06-11 10:17:02');

--
-- Indexes for dumped tables
--

--
-- Indexes for table `tbl_acties`
--
ALTER TABLE `tbl_acties`
  ADD PRIMARY KEY (`Code`);

--
-- Indexes for table `tbl_devices`
--
ALTER TABLE `tbl_devices`
  ADD PRIMARY KEY (`IDdevice`),
  ADD KEY `idx_apparaat` (`device`);

--
-- Indexes for table `tbl_metingen`
--
ALTER TABLE `tbl_metingen`
  ADD PRIMARY KEY (`IDmeting`),
  ADD KEY `fk_sensor_idx` (`device_id`),
  ADD KEY `fk_actiecode_idx` (`actiecode`),
  ADD KEY `idx_meetdatum` (`meetdatum`),
  ADD KEY `idx_actiecode` (`actiecode`),
  ADD KEY `idx_hoeveelheid` (`hoeveelheid`);

--
-- Indexes for table `tbl_settings`
--
ALTER TABLE `tbl_settings`
  ADD PRIMARY KEY (`IDsettings`);

--
-- AUTO_INCREMENT for dumped tables
--

--
-- AUTO_INCREMENT for table `tbl_devices`
--
ALTER TABLE `tbl_devices`
  MODIFY `IDdevice` int(11) NOT NULL AUTO_INCREMENT, AUTO_INCREMENT=7;
--
-- AUTO_INCREMENT for table `tbl_metingen`
--
ALTER TABLE `tbl_metingen`
  MODIFY `IDmeting` int(11) NOT NULL AUTO_INCREMENT, AUTO_INCREMENT=2938;
--
-- AUTO_INCREMENT for table `tbl_settings`
--
ALTER TABLE `tbl_settings`
  MODIFY `IDsettings` int(11) NOT NULL AUTO_INCREMENT, AUTO_INCREMENT=7;
--
-- Constraints for dumped tables
--

--
-- Constraints for table `tbl_metingen`
--
ALTER TABLE `tbl_metingen`
  ADD CONSTRAINT `fk_actiecode` FOREIGN KEY (`actiecode`) REFERENCES `tbl_acties` (`Code`),
  ADD CONSTRAINT `fk_sensor` FOREIGN KEY (`device_id`) REFERENCES `tbl_devices` (`IDdevice`) ON DELETE NO ACTION ON UPDATE NO ACTION;

/*!40101 SET CHARACTER_SET_CLIENT=@OLD_CHARACTER_SET_CLIENT */;
/*!40101 SET CHARACTER_SET_RESULTS=@OLD_CHARACTER_SET_RESULTS */;
/*!40101 SET COLLATION_CONNECTION=@OLD_COLLATION_CONNECTION */;
